S000,w_geocode,h_geocode,lat_s,lng_s,geoid10,lat_d,lng_d
2,,,43.81867658,-79.34653002,,31.64966639,119.0296398
2,,,43.81867658,-79.34653002,,31.64966639,119.0296398
2,,,43.81867658,-79.34653002,,41.8130116,123.5236966
2,,,43.81867658,-79.34653002,,31.58062495,119.1292329
2,,,43.81867658,-79.34653002,,46.54230236,124.905376
2,,,43.81867658,-79.34653002,,46.54230236,124.905376
2,,,43.81867658,-79.34653002,,46.54230236,124.905376
2,,,43.81867658,-79.34653002,,46.54230236,124.905376
2,,,43.81867658,-79.34653002,,46.54230236,124.905376
2,,,43.81867658,-79.34653002,,46.54230236,124.905376
2,,,43.81867658,-79.34653002,,46.54230236,124.905376
2,,,43.81867658,-79.34653002,,46.62079793,124.8962527
2,,,43.81867658,-79.34653002,,46.62079793,124.8962527
2,,,43.81867658,-79.34653002,,46.8050008,130.352026
2,,,43.81867658,-79.34653002,,46.8050008,130.352026
2,,,43.81867658,-79.34653002,,32.12637049,112.2181529
2,,,43.81867658,-79.34653002,,32.03510146,118.8232632
2,,,43.81867658,-79.34653002,,32.00474367,118.8042885
2,,,43.81867658,-79.34653002,,41.77966493,123.5029097
2,,,43.81867658,-79.34653002,,29.35656146,113.1473074
2,,,43.81867658,-79.34653002,,36.21566372,117.1582892
2,,,43.81867658,-79.34653002,,30.04204723,121.132556
2,,,43.81867658,-79.34653002,,30.04204723,121.132556
2,,,43.81867658,-79.34653002,,30.04204723,121.132556
2,,,43.81867658,-79.34653002,,28.45663737,119.4887304
2,,,43.81867658,-79.34653002,,28.45663737,119.4887304
2,,,43.81867658,-79.34653002,,28.45663737,119.4887304
2,,,43.81867658,-79.34653002,,30.05647077,121.1447337
2,,,43.81867658,-79.34653002,,39.85826609,116.435366
2,,,43.81867658,-79.34653002,,34.20090504,108.9496286
2,,,43.81867658,-79.34653002,,28.25777304,120.215611
2,,,43.81867658,-79.34653002,,28.25777304,120.215611
2,,,43.81867658,-79.34653002,,28.25777304,120.215611
2,,,43.81867658,-79.34653002,,28.25777304,120.215611
2,,,43.81867658,-79.34653002,,28.25777304,120.215611
2,,,43.81867658,-79.34653002,,28.25777304,120.215611
2,,,43.81867658,-79.34653002,,28.25777304,120.215611
2,,,43.81867658,-79.34653002,,28.25777304,120.215611
2,,,43.81867658,-79.34653002,,28.25777304,120.215611
2,,,43.81867658,-79.34653002,,28.25777304,120.215611
2,,,43.81867658,-79.34653002,,28.25777304,120.215611
2,,,43.81867658,-79.34653002,,36.67021693,117.176802
2,,,43.81867658,-79.34653002,,36.67021693,117.176802
2,,,43.81867658,-79.34653002,,39.69130065,122.9807092
2,,,43.81867658,-79.34653002,,39.69130065,122.9807092
2,,,43.81867658,-79.34653002,,35.11012955,111.0638253
2,,,43.81867658,-79.34653002,,41.80248587,123.500461
2,,,43.81867658,-79.34653002,,41.80248587,123.500461
2,,,43.81867658,-79.34653002,,43.16343506,124.3879503
2,,,43.81867658,-79.34653002,,43.16343506,124.3879503
2,,,43.81867658,-79.34653002,,41.8130116,123.5236966
2,,,43.81867658,-79.34653002,,31.58062495,119.1292329
2,,,43.81867658,-79.34653002,,31.64581807,119.0458019
2,,,43.81867658,-79.34653002,,29.35656146,113.1473074
2,,,43.81867658,-79.34653002,,22.63015123,114.0641165
2,,,43.81867658,-79.34653002,,22.63015123,114.0641165
2,,,43.81867658,-79.34653002,,25.7817523,113.0698773
2,,,43.81867658,-79.34653002,,25.7817523,113.0698773
2,,,43.81867658,-79.34653002,,39.90888751,116.7385294
2,,,43.81867658,-79.34653002,,39.90888751,116.7385294
2,,,43.81867658,-79.34653002,,34.33159039,108.9784992
2,,,43.81867658,-79.34653002,,31.98881061,118.8116288
2,,,43.81867658,-79.34653002,,30.73105844,104.0449678
2,,,43.81867658,-79.34653002,,30.73105844,104.0449678
2,,,43.81867658,-79.34653002,,30.73105844,104.0449678
2,,,43.81867658,-79.34653002,,30.73105844,104.0449678
2,,,43.81867658,-79.34653002,,30.73105844,104.0449678
2,,,43.81867658,-79.34653002,,30.73105844,104.0449678
2,,,43.81867658,-79.34653002,,38.10719397,114.3618012
2,,,43.81867658,-79.34653002,,38.10719397,114.3618012
2,,,43.81867658,-79.34653002,,38.10719397,114.3618012
2,,,43.81867658,-79.34653002,,38.10719397,114.3618012
2,,,43.81867658,-79.34653002,,38.10719397,114.3618012
2,,,43.81867658,-79.34653002,,38.10719397,114.3618012
2,,,43.81867658,-79.34653002,,38.10719397,114.3618012
2,,,43.81867658,-79.34653002,,37.42036612,118.5102367
2,,,43.81867658,-79.34653002,,22.80913219,108.3683699
2,,,43.81867658,-79.34653002,,31.27611254,121.4703485
2,,,43.81867658,-79.34653002,,31.27611254,121.4703485
2,,,43.81867658,-79.34653002,,32.00352437,118.8116935
2,,,43.81867658,-79.34653002,,32.10594514,118.841336
2,,,43.81867658,-79.34653002,,31.58317387,119.1868965
2,,,43.81867658,-79.34653002,,38.05220334,114.4574254
2,,,43.81867658,-79.34653002,,31.99011914,118.797727
2,,,43.81867658,-79.34653002,,32.02214901,118.751227
2,,,43.81867658,-79.34653002,,37.42036612,118.5102367
2,,,43.81867658,-79.34653002,,37.42036612,118.5102367
2,,,43.81867658,-79.34653002,,37.42036612,118.5102367
2,,,43.81867658,-79.34653002,,30.68014449,104.1172187
2,,,43.81867658,-79.34653002,,30.68014449,104.1172187
2,,,43.81867658,-79.34653002,,30.68014449,104.1172187
2,,,43.81867658,-79.34653002,,30.68014449,104.1172187
2,,,43.81867658,-79.34653002,,30.68106056,104.1177874
2,,,43.81867658,-79.34653002,,30.68106056,104.1177874
2,,,43.81867658,-79.34653002,,30.68106056,104.1177874
2,,,43.81867658,-79.34653002,,30.68106056,104.1177874
2,,,43.81867658,-79.34653002,,30.67648852,104.10746
2,,,43.81867658,-79.34653002,,30.67648852,104.10746
2,,,43.81867658,-79.34653002,,30.67713705,104.1085737
2,,,43.81867658,-79.34653002,,30.67713705,104.1085737
2,,,43.81867658,-79.34653002,,30.67713705,104.1085737
2,,,43.81867658,-79.34653002,,22.63015123,114.0641165
2,,,43.81867658,-79.34653002,,37.42036612,118.5102367
2,,,43.81867658,-79.34653002,,32.04242883,118.8191405
2,,,43.81867658,-79.34653002,,32.04242883,118.8191405
2,,,43.81867658,-79.34653002,,31.64581807,119.0458019
2,,,43.81867658,-79.34653002,,30.3405644,120.0790577
2,,,43.81867658,-79.34653002,,39.89748124,116.2544504
2,,,43.81867658,-79.34653002,,39.89721297,116.2562361
2,,,43.81867658,-79.34653002,,31.58062495,119.1292329
2,,,43.81867658,-79.34653002,,34.76986976,113.6198624
2,,,43.81867658,-79.34653002,,34.76986976,113.6198624
2,,,43.81867658,-79.34653002,,34.76986976,113.6198624
2,,,43.81867658,-79.34653002,,34.76986976,113.6198624
2,,,43.81867658,-79.34653002,,34.76986976,113.6198624
2,,,43.81867658,-79.34653002,,30.73105844,104.0449678
2,,,43.81867658,-79.34653002,,46.62617656,125.1368468
2,,,43.81867658,-79.34653002,,46.62617656,125.1368468
2,,,43.81867658,-79.34653002,,41.8130116,123.5236966
2,,,43.81867658,-79.34653002,,29.53134813,120.73199
2,,,43.81867658,-79.34653002,,30.68014449,104.1172187
2,,,43.81867658,-79.34653002,,30.68014449,104.1172187
2,,,43.81867658,-79.34653002,,30.68014449,104.1172187
2,,,43.81867658,-79.34653002,,30.68014449,104.1172187
2,,,43.81867658,-79.34653002,,30.68014449,104.1172187
2,,,43.81867658,-79.34653002,,30.68014449,104.1172187
2,,,43.81867658,-79.34653002,,30.67713705,104.1085737
2,,,43.81867658,-79.34653002,,30.68014449,104.1172187
2,,,43.81867658,-79.34653002,,30.68014449,104.1172187
2,,,43.81867658,-79.34653002,,30.67713705,104.1085737
2,,,43.81867658,-79.34653002,,30.68014449,104.1172187
2,,,43.81867658,-79.34653002,,30.67713705,104.1085737
2,,,43.81867658,-79.34653002,,34.23664614,108.9233125
2,,,43.81867658,-79.34653002,,34.23664614,108.9233125
2,,,43.81867658,-79.34653002,,34.23664614,108.9233125
2,,,43.81867658,-79.34653002,,34.23664614,108.9233125
2,,,43.81867658,-79.34653002,,34.23664614,108.9233125
2,,,43.81867658,-79.34653002,,34.23664614,108.9233125
2,,,43.81867658,-79.34653002,,30.67713705,104.1085737
2,,,43.81867658,-79.34653002,,31.6787004,119.0522891
2,,,43.81867658,-79.34653002,,31.72443874,119.9995518
2,,,43.81867658,-79.34653002,,31.58062495,119.1292329
2,,,43.81867658,-79.34653002,,41.8130116,123.5236966
2,,,43.81867658,-79.34653002,,23.10009773,113.2983099
2,,,43.81867658,-79.34653002,,23.10009773,113.2983099
2,,,43.81867658,-79.34653002,,39.8754078,116.4395197
2,,,43.81867658,-79.34653002,,43.17266443,124.3700267
2,,,43.81867658,-79.34653002,,44.43134818,125.1801072
2,,,43.81867658,-79.34653002,,31.88313896,118.747638
2,,,43.81867658,-79.34653002,,28.69024888,115.9450686
2,,,43.81867658,-79.34653002,,32.02207875,118.8006998
2,,,43.81867658,-79.34653002,,32.02207875,118.8006998
2,,,43.81867658,-79.34653002,,31.64401746,119.0432994
2,,,43.81867658,-79.34653002,,41.8130116,123.5236966
2,,,43.81867658,-79.34653002,,29.33201121,104.7878228
2,,,43.81867658,-79.34653002,,29.33201121,104.7878228
2,,,43.81867658,-79.34653002,,29.33201121,104.7878228
2,,,43.81867658,-79.34653002,,32.0396938,119.6011115
2,,,43.81867658,-79.34653002,,32.0396938,119.6011115
2,,,43.81867658,-79.34653002,,32.0396938,119.6011115
2,,,43.81867658,-79.34653002,,32.0396938,119.6011115
2,,,43.81867658,-79.34653002,,32.0396938,119.6011115
2,,,43.81867658,-79.34653002,,32.0396938,119.6011115
2,,,43.81867658,-79.34653002,,32.0396938,119.6011115
2,,,43.81867658,-79.34653002,,32.0396938,119.6011115
2,,,43.81867658,-79.34653002,,32.0396938,119.6011115
2,,,43.81867658,-79.34653002,,30.33663712,120.0883102
2,,,43.81867658,-79.34653002,,39.9992358,116.5071271
2,,,43.81867658,-79.34653002,,39.9992358,116.5071271
2,,,43.81867658,-79.34653002,,39.9992358,116.5071271
2,,,43.81867658,-79.34653002,,39.9992358,116.5071271
2,,,43.81867658,-79.34653002,,39.9992358,116.5071271
2,,,43.81867658,-79.34653002,,39.9992358,116.5071271
2,,,43.81867658,-79.34653002,,39.9992358,116.5071271
2,,,43.81867658,-79.34653002,,40.03492652,116.3396059
2,,,43.81867658,-79.34653002,,40.03492652,116.3396059
2,,,43.81867658,-79.34653002,,40.03492652,116.3396059
2,,,43.81867658,-79.34653002,,32.0396938,119.6011115
2,,,43.81867658,-79.34653002,,32.0396938,119.6011115
2,,,43.81867658,-79.34653002,,32.03717892,119.6023629
2,,,43.81867658,-79.34653002,,31.72100813,119.9622295
2,,,43.81867658,-79.34653002,,32.03143005,119.5993711
2,,,43.81867658,-79.34653002,,32.0396938,119.6011115
2,,,43.81867658,-79.34653002,,32.0396938,119.6011115
2,,,43.81867658,-79.34653002,,32.03717892,119.6023629
2,,,43.81867658,-79.34653002,,31.72100813,119.9622295
2,,,43.81867658,-79.34653002,,32.03143005,119.5993711
2,,,43.81867658,-79.34653002,,31.72100813,119.9622295
2,,,43.81867658,-79.34653002,,31.72100813,119.9622295
2,,,43.81867658,-79.34653002,,32.93594171,117.3875862
2,,,43.81867658,-79.34653002,,32.93594171,117.3875862
2,,,43.81867658,-79.34653002,,32.93594171,117.3875862
2,,,43.81867658,-79.34653002,,32.93594171,117.3875862
2,,,43.81867658,-79.34653002,,32.93594171,117.3875862
2,,,43.81867658,-79.34653002,,32.93594171,117.3875862
2,,,43.81867658,-79.34653002,,32.0396938,119.6011115
2,,,43.81867658,-79.34653002,,32.0396938,119.6011115
2,,,43.81867658,-79.34653002,,39.74392943,98.50262058
2,,,43.81867658,-79.34653002,,39.74392943,98.50262058
2,,,43.81867658,-79.34653002,,38.10719397,114.3618012
2,,,43.81867658,-79.34653002,,28.17345535,112.974555
2,,,43.81867658,-79.34653002,,28.17345535,112.974555
2,,,43.81867658,-79.34653002,,30.26412416,120.2101288
2,,,43.81867658,-79.34653002,,30.17674882,121.2439292
2,,,43.81867658,-79.34653002,,30.17674882,121.2439292
2,,,43.81867658,-79.34653002,,43.16799399,124.4164827
2,,,43.81867658,-79.34653002,,41.8305747,123.4890718
2,,,43.81867658,-79.34653002,,32.02207875,118.8006998
2,,,43.81867658,-79.34653002,,32.03309481,118.7938574
2,,,43.81867658,-79.34653002,,32.03510146,118.8232632
2,,,43.81867658,-79.34653002,,32.03850788,118.8298509
2,,,43.81867658,-79.34653002,,43.3392814,125.3062437
2,,,43.81867658,-79.34653002,,31.98881061,118.8116288
2,,,43.81867658,-79.34653002,,31.64581807,119.0458019
2,,,43.81867658,-79.34653002,,31.16809838,121.4197593
2,,,43.81867658,-79.34653002,,31.64692756,119.0391963
2,,,43.81867658,-79.34653002,,32.09833047,118.7762272
2,,,43.81867658,-79.34653002,,31.64581807,119.0458019
2,,,43.81867658,-79.34653002,,32.10594514,118.841336
2,,,43.81867658,-79.34653002,,32.02207875,118.8006998
2,,,43.81867658,-79.34653002,,32.08594446,118.7433606
2,,,43.81867658,-79.34653002,,32.08594446,118.7433606
2,,,43.81867658,-79.34653002,,30.61032214,114.2788734
2,,,43.81867658,-79.34653002,,30.61032214,114.2788734
2,,,43.81867658,-79.34653002,,29.6212912,106.4829052
2,,,43.81867658,-79.34653002,,29.6212912,106.4829052
2,,,43.81867658,-79.34653002,,32.02327583,120.8823497
2,,,43.81867658,-79.34653002,,36.64232681,117.0811774
2,,,43.81867658,-79.34653002,,22.81661851,108.4018198
2,,,43.81867658,-79.34653002,,32.02327583,120.8823497
2,,,43.81867658,-79.34653002,,36.64232681,117.0811774
2,,,43.81867658,-79.34653002,,22.81661851,108.4018198
2,,,43.81867658,-79.34653002,,47.78022806,124.4805425
2,,,43.81867658,-79.34653002,,47.78022806,124.4805425
2,,,43.81867658,-79.34653002,,45.72489651,126.6155179
2,,,43.81867658,-79.34653002,,45.72489651,126.6155179
2,,,43.81867658,-79.34653002,,30.22337341,120.2220937
2,,,43.81867658,-79.34653002,,45.74632874,126.5803348
2,,,43.81867658,-79.34653002,,22.82176408,113.0766285
2,,,43.81867658,-79.34653002,,22.82176408,113.0766285
2,,,43.81867658,-79.34653002,,30.76530408,120.7581148
2,,,43.81867658,-79.34653002,,23.14943397,113.3254565
2,,,43.81867658,-79.34653002,,23.14943397,113.3254565
2,,,43.81867658,-79.34653002,,31.64581807,119.0458019
2,,,43.81867658,-79.34653002,,22.32385225,114.2078034
2,,,43.81867658,-79.34653002,,22.32385225,114.2078034
2,,,43.81867658,-79.34653002,,34.75356779,113.0216781
2,,,43.81867658,-79.34653002,,34.75356779,113.0216781
2,,,43.81867658,-79.34653002,,31.58062495,119.1292329
2,,,43.81867658,-79.34653002,,41.8130116,123.5236966
2,,,43.81867658,-79.34653002,,39.55474263,118.1145175
2,,,43.81867658,-79.34653002,,28.61181393,121.3622615
2,,,43.81867658,-79.34653002,,21.88405484,112.0158854
2,,,43.81867658,-79.34653002,,21.88405484,112.0158854
2,,,43.81867658,-79.34653002,,39.09193611,122.032711
2,,,43.81867658,-79.34653002,,39.09193611,122.032711
2,,,43.81867658,-79.34653002,,39.09193611,122.032711
2,,,43.81867658,-79.34653002,,35.06132448,118.3627072
2,,,43.81867658,-79.34653002,,35.06132448,118.3627072
2,,,43.81867658,-79.34653002,,35.06132448,118.3627072
2,,,43.81867658,-79.34653002,,28.70068138,115.9042175
2,,,43.81867658,-79.34653002,,28.70068138,115.9042175
2,,,43.81867658,-79.34653002,,21.88405484,112.0158854
2,,,43.81867658,-79.34653002,,21.88405484,112.0158854
2,,,43.81867658,-79.34653002,,41.7952259,123.352015
2,,,43.81867658,-79.34653002,,41.7952259,123.352015
2,,,43.81867658,-79.34653002,,37.82524005,112.634977
2,,,43.81867658,-79.34653002,,37.82524005,112.634977
2,,,43.81867658,-79.34653002,,26.56454381,111.8552363
2,,,43.81867658,-79.34653002,,22.81887707,113.5326364
2,,,43.81867658,-79.34653002,,26.56454381,111.8552363
2,,,43.81867658,-79.34653002,,26.56454381,111.8552363
2,,,43.81867658,-79.34653002,,26.56454381,111.8552363
2,,,43.81867658,-79.34653002,,31.1426272,121.3724843
2,,,43.81867658,-79.34653002,,31.1426272,121.3724843
2,,,43.81867658,-79.34653002,,31.1426272,121.3724843
2,,,43.81867658,-79.34653002,,32.02327583,120.8823497
2,,,43.81867658,-79.34653002,,18.30208601,109.531511
2,,,43.81867658,-79.34653002,,18.30208601,109.531511
2,,,43.81867658,-79.34653002,,18.30208601,109.531511
2,,,43.81867658,-79.34653002,,18.30208601,109.531511
2,,,43.81867658,-79.34653002,,18.30208601,109.531511
2,,,43.81867658,-79.34653002,,18.30208601,109.531511
2,,,43.81867658,-79.34653002,,18.30208601,109.531511
2,,,43.81867658,-79.34653002,,18.30208601,109.531511
2,,,43.81867658,-79.34653002,,18.30208601,109.531511
2,,,43.81867658,-79.34653002,,31.86734522,117.3007034
2,,,43.81867658,-79.34653002,,31.86734522,117.3007034
2,,,43.81867658,-79.34653002,,31.31551468,120.6409389
2,,,43.81867658,-79.34653002,,31.31551468,120.6409389
2,,,43.81867658,-79.34653002,,35.77074282,109.4442031
2,,,43.81867658,-79.34653002,,34.33993096,108.9582832
2,,,43.81867658,-79.34653002,,34.20536751,109.0284739
2,,,43.81867658,-79.34653002,,40.09417802,116.4481417
2,,,43.81867658,-79.34653002,,32.12637049,112.2181529
2,,,43.81867658,-79.34653002,,41.81399691,123.431695
2,,,43.81867658,-79.34653002,,35.76960371,109.4438953
2,,,43.81867658,-79.34653002,,35.76148388,109.4351132
2,,,43.81867658,-79.34653002,,35.76842153,109.4430723
2,,,43.81867658,-79.34653002,,30.57619787,114.255805
2,,,43.81867658,-79.34653002,,31.1426272,121.3724843
2,,,43.81867658,-79.34653002,,31.93562979,118.8282723
2,,,43.81867658,-79.34653002,,31.58062495,119.1292329
2,,,43.81867658,-79.34653002,,41.8130116,123.5236966
2,,,43.81867658,-79.34653002,,29.35559848,113.1499636
2,,,43.81867658,-79.34653002,,29.35559848,113.1499636
2,,,43.81867658,-79.34653002,,29.35559848,113.1499636
2,,,43.81867658,-79.34653002,,29.35559848,113.1499636
2,,,43.81867658,-79.34653002,,36.6869845,116.9816438
2,,,43.81867658,-79.34653002,,36.6869845,116.9816438
2,,,43.81867658,-79.34653002,,36.6869845,116.9816438
2,,,43.81867658,-79.34653002,,36.6869845,116.9816438
2,,,43.81867658,-79.34653002,,36.6869845,116.9816438
2,,,43.81867658,-79.34653002,,18.30208601,109.531511
2,,,43.81867658,-79.34653002,,18.30208601,109.531511
2,,,43.81867658,-79.34653002,,29.64000821,106.5439978
2,,,43.81867658,-79.34653002,,29.64000821,106.5439978
2,,,43.81867658,-79.34653002,,31.82937028,117.1802005
2,,,43.81867658,-79.34653002,,31.82937028,117.1802005
2,,,43.81867658,-79.34653002,,40.15650008,116.424846
2,,,43.81867658,-79.34653002,,31.97156367,120.8965264
2,,,43.81867658,-79.34653002,,32.02327583,120.8823497
2,,,43.81867658,-79.34653002,,31.06724928,121.250023
2,,,43.81867658,-79.34653002,,31.10591083,121.618662
2,,,43.81867658,-79.34653002,,31.13833056,121.3968864
2,,,43.81867658,-79.34653002,,31.16791785,121.42531
2,,,43.81867658,-79.34653002,,41.91118019,123.4106482
2,,,43.81867658,-79.34653002,,30.4973909,114.414459
2,,,43.81867658,-79.34653002,,39.56994959,121.2847192
2,,,43.81867658,-79.34653002,,32.06120086,118.7795489
2,,,43.81867658,-79.34653002,,36.34597588,102.8590977
2,,,43.81867658,-79.34653002,,36.72834478,119.1798783
2,,,43.81867658,-79.34653002,,36.72834478,119.1798783
2,,,43.81867658,-79.34653002,,36.72834478,119.1798783
2,,,43.81867658,-79.34653002,,36.34597588,102.8590977
2,,,43.81867658,-79.34653002,,31.18970226,121.5368843
2,,,43.81867658,-79.34653002,,18.30208601,109.531511
2,,,43.81867658,-79.34653002,,39.09193611,122.032711
2,,,43.81867658,-79.34653002,,39.09193611,122.032711
2,,,43.81867658,-79.34653002,,31.82937028,117.1802005
2,,,43.81867658,-79.34653002,,34.73017159,113.6367692
2,,,43.81867658,-79.34653002,,22.53960726,113.4318114
2,,,43.81867658,-79.34653002,,34.73017159,113.6367692
2,,,43.81867658,-79.34653002,,34.73017159,113.6367692
2,,,43.81867658,-79.34653002,,38.67871807,116.0921003
2,,,43.81867658,-79.34653002,,31.64574191,120.782275
2,,,43.81867658,-79.34653002,,29.88778752,122.4141991
2,,,43.81867658,-79.34653002,,40.03381737,116.3381928
2,,,43.81867658,-79.34653002,,40.03381737,116.3381928
2,,,43.81867658,-79.34653002,,38.67871807,116.0921003
2,,,43.81867658,-79.34653002,,31.82937028,117.1802005
2,,,43.81867658,-79.34653002,,31.97156367,120.8965264
2,,,43.81867658,-79.34653002,,40.03492652,116.3396059
2,,,43.81867658,-79.34653002,,40.03492652,116.3396059
2,,,43.81867658,-79.34653002,,31.98881061,118.8116288
2,,,43.81867658,-79.34653002,,31.10591083,121.618662
2,,,43.81867658,-79.34653002,,32.03510146,118.8232632
2,,,43.81867658,-79.34653002,,32.00352437,118.8116935
2,,,43.81867658,-79.34653002,,32.0488631,118.7890376
2,,,43.81867658,-79.34653002,,32.02573607,118.7370796
2,,,43.81867658,-79.34653002,,41.79845982,123.3309408
2,,,43.81867658,-79.34653002,,41.79845982,123.3309408
2,,,43.81867658,-79.34653002,,24.48134241,118.1514866
2,,,43.81867658,-79.34653002,,24.48134241,118.1514866
2,,,43.81867658,-79.34653002,,32.23358287,119.8008663
2,,,43.81867658,-79.34653002,,32.23358287,119.8008663
2,,,43.81867658,-79.34653002,,32.23358287,119.8008663
2,,,43.81867658,-79.34653002,,31.23159727,121.5155216
2,,,43.81867658,-79.34653002,,31.23159727,121.5155216
2,,,43.81867658,-79.34653002,,31.23159727,121.5155216
2,,,43.81867658,-79.34653002,,31.23159727,121.5155216
2,,,43.81867658,-79.34653002,,31.23159727,121.5155216
2,,,43.81867658,-79.34653002,,31.23159727,121.5155216
2,,,43.81867658,-79.34653002,,23.12866147,113.3458621
2,,,43.81867658,-79.34653002,,23.12866147,113.3458621
2,,,43.81867658,-79.34653002,,31.23159727,121.5155216
2,,,43.81867658,-79.34653002,,31.23159727,121.5155216
2,,,43.81867658,-79.34653002,,31.23159727,121.5155216
2,,,43.81867658,-79.34653002,,31.23159727,121.5155216
2,,,43.81867658,-79.34653002,,31.23159727,121.5155216
2,,,43.81867658,-79.34653002,,31.23159727,121.5155216
2,,,43.81867658,-79.34653002,,31.23159727,121.5155216
2,,,43.81867658,-79.34653002,,31.23159727,121.5155216
2,,,43.81867658,-79.34653002,,31.23159727,121.5155216
2,,,43.81867658,-79.34653002,,31.23159727,121.5155216
2,,,43.81867658,-79.34653002,,23.12866147,113.3458621
2,,,43.81867658,-79.34653002,,37.84657913,112.5114398
2,,,43.81867658,-79.34653002,,37.84657913,112.5114398
2,,,43.81867658,-79.34653002,,39.97178645,116.4894079
2,,,43.81867658,-79.34653002,,31.30087509,121.5320195
2,,,43.81867658,-79.34653002,,33.25294567,115.3868889
2,,,43.81867658,-79.34653002,,41.80248587,123.500461
2,,,43.81867658,-79.34653002,,41.80248587,123.500461
2,,,43.81867658,-79.34653002,,31.30087509,121.5320195
2,,,43.81867658,-79.34653002,,31.30087509,121.5320195
2,,,43.81867658,-79.34653002,,31.30087509,121.5320195
2,,,43.81867658,-79.34653002,,32.18087715,120.0650026
2,,,43.81867658,-79.34653002,,27.74203461,109.1940579
2,,,43.81867658,-79.34653002,,27.74203461,109.1940579
2,,,43.81867658,-79.34653002,,27.74203461,109.1940579
2,,,43.81867658,-79.34653002,,25.00580832,102.7114155
2,,,43.81867658,-79.34653002,,25.00580832,102.7114155
2,,,43.81867658,-79.34653002,,25.00580832,102.7114155
2,,,43.81867658,-79.34653002,,25.00580832,102.7114155
2,,,43.81867658,-79.34653002,,45.78063505,126.624302
2,,,43.81867658,-79.34653002,,31.21848187,121.432588
2,,,43.81867658,-79.34653002,,41.82333937,123.4069393
2,,,43.81867658,-79.34653002,,41.82333937,123.4069393
2,,,43.81867658,-79.34653002,,38.67871807,116.0921003
2,,,43.81867658,-79.34653002,,31.72810146,119.9731921
2,,,43.81867658,-79.34653002,,31.72810146,119.9731921
2,,,43.81867658,-79.34653002,,31.72810146,119.9731921
2,,,43.81867658,-79.34653002,,43.1694281,124.3884925
2,,,43.81867658,-79.34653002,,31.72810146,119.9731921
2,,,43.81867658,-79.34653002,,31.72810146,119.9731921
2,,,43.81867658,-79.34653002,,31.72810146,119.9731921
2,,,43.81867658,-79.34653002,,27.74203461,109.1940579
2,,,43.81867658,-79.34653002,,27.74203461,109.1940579
2,,,43.81867658,-79.34653002,,32.41003305,119.4326244
2,,,43.81867658,-79.34653002,,32.41003305,119.4326244
2,,,43.81867658,-79.34653002,,32.41003305,119.4326244
2,,,43.81867658,-79.34653002,,29.88778752,122.4141991
2,,,43.81867658,-79.34653002,,39.94598886,116.5103745
2,,,43.81867658,-79.34653002,,25.99467975,119.2473185
2,,,43.81867658,-79.34653002,,25.99467975,119.2473185
2,,,43.81867658,-79.34653002,,25.99467975,119.2473185
2,,,43.81867658,-79.34653002,,25.99467975,119.2473185
2,,,43.81867658,-79.34653002,,25.99467975,119.2473185
2,,,43.81867658,-79.34653002,,25.99467975,119.2473185
2,,,43.81867658,-79.34653002,,31.33377191,120.698628
2,,,43.81867658,-79.34653002,,29.06815426,119.6707063
2,,,43.81867658,-79.34653002,,25.99467975,119.2473185
2,,,43.81867658,-79.34653002,,25.99467975,119.2473185
2,,,43.81867658,-79.34653002,,25.99467975,119.2473185
2,,,43.81867658,-79.34653002,,25.99467975,119.2473185
2,,,43.81867658,-79.34653002,,25.99467975,119.2473185
2,,,43.81867658,-79.34653002,,25.99467975,119.2473185
2,,,43.81867658,-79.34653002,,25.99467975,119.2473185
2,,,43.81867658,-79.34653002,,25.99467975,119.2473185
2,,,43.81867658,-79.34653002,,25.99467975,119.2473185
2,,,43.81867658,-79.34653002,,25.99467975,119.2473185
2,,,43.81867658,-79.34653002,,31.33377191,120.698628
2,,,43.81867658,-79.34653002,,31.33377191,120.698628
2,,,43.81867658,-79.34653002,,31.33377191,120.698628
2,,,43.81867658,-79.34653002,,31.33377191,120.698628
2,,,43.81867658,-79.34653002,,25.99467975,119.2473185
2,,,43.81867658,-79.34653002,,25.99467975,119.2473185
2,,,43.81867658,-79.34653002,,25.99467975,119.2473185
2,,,43.81867658,-79.34653002,,25.99467975,119.2473185
2,,,43.81867658,-79.34653002,,25.99467975,119.2473185
2,,,43.81867658,-79.34653002,,25.99467975,119.2473185
2,,,43.81867658,-79.34653002,,25.99467975,119.2473185
2,,,43.81867658,-79.34653002,,25.99467975,119.2473185
2,,,43.81867658,-79.34653002,,25.99467975,119.2473185
2,,,43.81867658,-79.34653002,,34.23962141,117.190815
2,,,43.81867658,-79.34653002,,34.23962141,117.190815
2,,,43.81867658,-79.34653002,,38.08830402,114.562454
2,,,43.81867658,-79.34653002,,37.84657913,112.5114398
2,,,43.81867658,-79.34653002,,32.23358287,119.8008663
2,,,43.81867658,-79.34653002,,32.23358287,119.8008663
2,,,43.81867658,-79.34653002,,38.08830402,114.562454
2,,,43.81867658,-79.34653002,,38.08830402,114.562454
2,,,43.81867658,-79.34653002,,23.44828839,113.4934752
2,,,43.81867658,-79.34653002,,32.63239783,110.801375
2,,,43.81867658,-79.34653002,,41.8130116,123.5236966
2,,,43.81867658,-79.34653002,,31.18970226,121.5368843
2,,,43.81867658,-79.34653002,,23.04177845,114.4331032
2,,,43.81867658,-79.34653002,,23.04177845,114.4331032
2,,,43.81867658,-79.34653002,,23.04177845,114.4331032
2,,,43.81867658,-79.34653002,,23.04177845,114.4331032
2,,,43.81867658,-79.34653002,,23.04177845,114.4331032
2,,,43.81867658,-79.34653002,,23.04177845,114.4331032
2,,,43.81867658,-79.34653002,,23.04177845,114.4331032
2,,,43.81867658,-79.34653002,,23.04177845,114.4331032
2,,,43.81867658,-79.34653002,,23.04177845,114.4331032
2,,,43.81867658,-79.34653002,,23.04177845,114.4331032
2,,,43.81867658,-79.34653002,,23.04177845,114.4331032
2,,,43.81867658,-79.34653002,,23.04177845,114.4331032
2,,,43.81867658,-79.34653002,,23.04177845,114.4331032
2,,,43.81867658,-79.34653002,,23.04177845,114.4331032
2,,,43.81867658,-79.34653002,,23.04177845,114.4331032
2,,,43.81867658,-79.34653002,,23.04177845,114.4331032
2,,,43.81867658,-79.34653002,,23.04177845,114.4331032
2,,,43.81867658,-79.34653002,,23.04177845,114.4331032
2,,,43.81867658,-79.34653002,,23.04177845,114.4331032
2,,,43.81867658,-79.34653002,,23.04177845,114.4331032
2,,,43.81867658,-79.34653002,,23.04177845,114.4331032
2,,,43.81867658,-79.34653002,,23.04177845,114.4331032
2,,,43.81867658,-79.34653002,,32.02327583,120.8823497
2,,,43.81867658,-79.34653002,,31.18970226,121.5368843
2,,,43.81867658,-79.34653002,,31.18970226,121.5368843
2,,,43.81867658,-79.34653002,,31.18970226,121.5368843
2,,,43.81867658,-79.34653002,,30.20869375,120.1946415
120.5748282,,,43.81867658,-79.34653002,,"

",30.63696123
2,,,43.81867658,-79.34653002,,34.75851699,113.7789339
2,,,43.81867658,-79.34653002,,34.75851699,113.7789339
2,,,43.81867658,-79.34653002,,34.75851699,113.7789339
2,,,43.81867658,-79.34653002,,32.0488631,118.7890376
2,,,43.81867658,-79.34653002,,32.02573607,118.7370796
2,,,43.81867658,-79.34653002,,25.10773107,102.7786228
2,,,43.81867658,-79.34653002,,25.10773107,102.7786228
2,,,43.81867658,-79.34653002,,25.10773107,102.7786228
2,,,43.81867658,-79.34653002,,25.10773107,102.7786228
2,,,43.81867658,-79.34653002,,25.10773107,102.7786228
2,,,43.81867658,-79.34653002,,25.10773107,102.7786228
2,,,43.81867658,-79.34653002,,31.78115649,119.9384079
2,,,43.81867658,-79.34653002,,31.78115649,119.9384079
2,,,43.81867658,-79.34653002,,25.10773107,102.7786228
2,,,43.81867658,-79.34653002,,31.78115649,119.9384079
2,,,43.81867658,-79.34653002,,23.52831576,113.0219224
2,,,43.81867658,-79.34653002,,30.76492077,121.0064409
2,,,43.81867658,-79.34653002,,30.76492077,121.0064409
2,,,43.81867658,-79.34653002,,30.76492077,121.0064409
2,,,43.81867658,-79.34653002,,30.76492077,121.0064409
2,,,43.81867658,-79.34653002,,30.76492077,121.0064409
2,,,43.81867658,-79.34653002,,43.76527558,125.234517
2,,,43.81867658,-79.34653002,,43.76527558,125.234517
2,,,43.81867658,-79.34653002,,43.76527558,125.234517
2,,,43.81867658,-79.34653002,,43.76527558,125.234517
2,,,43.81867658,-79.34653002,,43.76527558,125.234517
2,,,43.81867658,-79.34653002,,43.76527558,125.234517
2,,,43.81867658,-79.34653002,,43.76527558,125.234517
2,,,43.81867658,-79.34653002,,37.84657913,112.5114398
2,,,43.81867658,-79.34653002,,21.90889704,110.8601783
2,,,43.81867658,-79.34653002,,21.90889704,110.8601783
2,,,43.81867658,-79.34653002,,21.90889704,110.8601783
2,,,43.81867658,-79.34653002,,21.90889704,110.8601783
2,,,43.81867658,-79.34653002,,21.90889704,110.8601783
2,,,43.81867658,-79.34653002,,21.90889704,110.8601783
2,,,43.81867658,-79.34653002,,32.13523618,119.4807626
2,,,43.81867658,-79.34653002,,32.13523618,119.4807626
2,,,43.81867658,-79.34653002,,32.13523618,119.4807626
2,,,43.81867658,-79.34653002,,32.13523618,119.4807626
2,,,43.81867658,-79.34653002,,31.96093855,119.184374
2,,,43.81867658,-79.34653002,,31.96093855,119.184374
2,,,43.81867658,-79.34653002,,31.96093855,119.184374
2,,,43.81867658,-79.34653002,,31.329823,120.6811427
2,,,43.81867658,-79.34653002,,31.329823,120.6811427
2,,,43.81867658,-79.34653002,,31.35332253,120.5655194
2,,,43.81867658,-79.34653002,,31.35332253,120.5655194
2,,,43.81867658,-79.34653002,,31.31814007,120.6830744
2,,,43.81867658,-79.34653002,,31.31814007,120.6830744
2,,,43.81867658,-79.34653002,,31.58062495,119.1292329
2,,,43.81867658,-79.34653002,,41.8130116,123.5236966
2,,,43.81867658,-79.34653002,,32.24323686,118.7616892
2,,,43.81867658,-79.34653002,,43.76527558,125.234517
2,,,43.81867658,-79.34653002,,43.76527558,125.234517
2,,,43.81867658,-79.34653002,,43.76527558,125.234517
2,,,43.81867658,-79.34653002,,23.15829803,113.190193
2,,,43.81867658,-79.34653002,,23.15829803,113.190193
2,,,43.81867658,-79.34653002,,43.76527558,125.234517
2,,,43.81867658,-79.34653002,,43.76527558,125.234517
2,,,43.81867658,-79.34653002,,21.90889704,110.8601783
2,,,43.81867658,-79.34653002,,21.90889704,110.8601783
2,,,43.81867658,-79.34653002,,21.90889704,110.8601783
2,,,43.81867658,-79.34653002,,39.90876118,116.4116664
2,,,43.81867658,-79.34653002,,39.90876118,116.4116664
2,,,43.81867658,-79.34653002,,29.88778752,122.4141991
2,,,43.81867658,-79.34653002,,30.59794831,104.0625229
2,,,43.81867658,-79.34653002,,30.7051858,103.8911911
2,,,43.81867658,-79.34653002,,31.74047712,117.305935
2,,,43.81867658,-79.34653002,,31.74047712,117.305935
2,,,43.81867658,-79.34653002,,31.74047712,117.305935
2,,,43.81867658,-79.34653002,,31.74047712,117.305935
2,,,43.81867658,-79.34653002,,31.74047712,117.305935
2,,,43.81867658,-79.34653002,,31.74047712,117.305935
2,,,43.81867658,-79.34653002,,30.7051858,103.8911911
2,,,43.81867658,-79.34653002,,31.74047712,117.305935
2,,,43.81867658,-79.34653002,,31.74047712,117.305935
2,,,43.81867658,-79.34653002,,31.74047712,117.305935
2,,,43.81867658,-79.34653002,,31.74047712,117.305935
2,,,43.81867658,-79.34653002,,32.05925615,118.6167411
2,,,43.81867658,-79.34653002,,32.05925615,118.6167411
2,,,43.81867658,-79.34653002,,23.04177845,114.4331032
2,,,43.81867658,-79.34653002,,31.23159727,121.5155216
2,,,43.81867658,-79.34653002,,42.91329716,125.171666
2,,,43.81867658,-79.34653002,,32.09833047,118.7762272
2,,,43.81867658,-79.34653002,,31.38918628,120.8446292
2,,,43.81867658,-79.34653002,,31.38918628,120.8446292
2,,,43.81867658,-79.34653002,,31.38918628,120.8446292
2,,,43.81867658,-79.34653002,,31.85981488,120.2525648
2,,,43.81867658,-79.34653002,,31.85981488,120.2525648
2,,,43.81867658,-79.34653002,,31.85981488,120.2525648
2,,,43.81867658,-79.34653002,,31.85981488,120.2525648
2,,,43.81867658,-79.34653002,,31.85981488,120.2525648
2,,,43.81867658,-79.34653002,,32.65679811,110.657253
2,,,43.81867658,-79.34653002,,31.31691889,121.48909
2,,,43.81867658,-79.34653002,,43.85770409,125.343355
2,,,43.81867658,-79.34653002,,34.73017159,113.6367692
2,,,43.81867658,-79.34653002,,34.73017159,113.6367692
2,,,43.81867658,-79.34653002,,38.81772704,121.2934267
2,,,43.81867658,-79.34653002,,37.69213061,116.2749338
2,,,43.81867658,-79.34653002,,37.69213061,116.2749338
2,,,43.81867658,-79.34653002,,39.16479801,117.19291
2,,,43.81867658,-79.34653002,,39.16479801,117.19291
2,,,43.81867658,-79.34653002,,39.16479801,117.19291
2,,,43.81867658,-79.34653002,,39.16479801,117.19291
2,,,43.81867658,-79.34653002,,39.16479801,117.19291
2,,,43.81867658,-79.34653002,,43.85770409,125.343355
2,,,43.81867658,-79.34653002,,22.55359521,113.9898383
2,,,43.81867658,-79.34653002,,22.55359521,113.9898383
2,,,43.81867658,-79.34653002,,22.55359521,113.9898383
2,,,43.81867658,-79.34653002,,27.13178437,115.0003976
2,,,43.81867658,-79.34653002,,39.82501249,116.3051416
2,,,43.81867658,-79.34653002,,39.82501249,116.3051416
2,,,43.81867658,-79.34653002,,38.02775587,114.8474335
2,,,43.81867658,-79.34653002,,38.02775587,114.8474335
2,,,43.81867658,-79.34653002,,32.02207875,118.8006998
2,,,43.81867658,-79.34653002,,32.02207875,118.8006998
2,,,43.81867658,-79.34653002,,38.81772704,121.2934267
2,,,43.81867658,-79.34653002,,31.15524387,121.310721
2,,,43.81867658,-79.34653002,,31.15524387,121.310721
2,,,43.81867658,-79.34653002,,40.04101479,116.3456205
2,,,43.81867658,-79.34653002,,32.1961615,119.4726311
2,,,43.81867658,-79.34653002,,32.1961615,119.4726311
2,,,43.81867658,-79.34653002,,40.04101479,116.3456205
2,,,43.81867658,-79.34653002,,25.05347359,102.733341
2,,,43.81867658,-79.34653002,,40.05251347,116.4086451
2,,,43.81867658,-79.34653002,,40.05251347,116.4086451
2,,,43.81867658,-79.34653002,,38.88654075,121.5848844
2,,,43.81867658,-79.34653002,,25.05347359,102.733341
2,,,43.81867658,-79.34653002,,25.05347359,102.733341
2,,,43.81867658,-79.34653002,,25.05347359,102.733341
2,,,43.81867658,-79.34653002,,38.88654075,121.5848844
2,,,43.81867658,-79.34653002,,38.88654075,121.5848844
2,,,43.81867658,-79.34653002,,38.88654075,121.5848844
2,,,43.81867658,-79.34653002,,38.88654075,121.5848844
2,,,43.81867658,-79.34653002,,32.02207875,118.8006998
2,,,43.81867658,-79.34653002,,32.02207875,118.8006998
2,,,43.81867658,-79.34653002,,38.88654075,121.5848844
2,,,43.81867658,-79.34653002,,31.25889543,121.4351544
2,,,43.81867658,-79.34653002,,31.25889543,121.4351544
2,,,43.81867658,-79.34653002,,31.25889543,121.4351544
2,,,43.81867658,-79.34653002,,31.25889543,121.4351544
2,,,43.81867658,-79.34653002,,27.13178437,115.0003976
2,,,43.81867658,-79.34653002,,32.05035202,118.7452088
2,,,43.81867658,-79.34653002,,32.08811246,118.7469731
2,,,43.81867658,-79.34653002,,36.10481905,120.4347493
2,,,43.81867658,-79.34653002,,31.22819917,120.4367088
2,,,43.81867658,-79.34653002,,46.69199861,126.123961
2,,,43.81867658,-79.34653002,,37.95434185,115.2342817
2,,,43.81867658,-79.34653002,,38.03683697,114.6282323
2,,,43.81867658,-79.34653002,,31.30445121,121.4365507
2,,,43.81867658,-79.34653002,,41.78809499,123.468354
2,,,43.81867658,-79.34653002,,41.78809499,123.468354
2,,,43.81867658,-79.34653002,,41.78809499,123.468354
2,,,43.81867658,-79.34653002,,41.78809499,123.468354
2,,,43.81867658,-79.34653002,,41.78809499,123.468354
2,,,43.81867658,-79.34653002,,34.03548443,113.8581669
2,,,43.81867658,-79.34653002,,34.03548443,113.8581669
2,,,43.81867658,-79.34653002,,34.03548443,113.8581669
2,,,43.81867658,-79.34653002,,34.03548443,113.8581669
2,,,43.81867658,-79.34653002,,34.03548443,113.8581669
2,,,43.81867658,-79.34653002,,31.8202755,119.9606131
2,,,43.81867658,-79.34653002,,31.8202755,119.9606131
2,,,43.81867658,-79.34653002,,31.8202755,119.9606131
2,,,43.81867658,-79.34653002,,31.8202755,119.9606131
2,,,43.81867658,-79.34653002,,31.8202755,119.9606131
2,,,43.81867658,-79.34653002,,49.16321678,119.7442385
2,,,43.81867658,-79.34653002,,31.30445121,121.4365507
2,,,43.81867658,-79.34653002,,49.16321678,119.7442385
2,,,43.81867658,-79.34653002,,49.16321678,119.7442385
2,,,43.81867658,-79.34653002,,49.16321678,119.7442385
2,,,43.81867658,-79.34653002,,31.30445121,121.4365507
2,,,43.81867658,-79.34653002,,31.30445121,121.4365507
2,,,43.81867658,-79.34653002,,31.30445121,121.4365507
2,,,43.81867658,-79.34653002,,49.16321678,119.7442385
2,,,43.81867658,-79.34653002,,49.16321678,119.7442385
2,,,43.81867658,-79.34653002,,49.16321678,119.7442385
2,,,43.81867658,-79.34653002,,49.16321678,119.7442385
2,,,43.81867658,-79.34653002,,49.16321678,119.7442385
2,,,43.81867658,-79.34653002,,49.16321678,119.7442385
2,,,43.81867658,-79.34653002,,31.88254797,117.30387
2,,,43.81867658,-79.34653002,,34.03548443,113.8581669
2,,,43.81867658,-79.34653002,,34.03548443,113.8581669
2,,,43.81867658,-79.34653002,,34.03548443,113.8581669
2,,,43.81867658,-79.34653002,,34.03548443,113.8581669
2,,,43.81867658,-79.34653002,,34.03548443,113.8581669
2,,,43.81867658,-79.34653002,,34.03548443,113.8581669
2,,,43.81867658,-79.34653002,,34.03548443,113.8581669
2,,,43.81867658,-79.34653002,,34.03548443,113.8581669
2,,,43.81867658,-79.34653002,,34.03548443,113.8581669
2,,,43.81867658,-79.34653002,,34.03548443,113.8581669
2,,,43.81867658,-79.34653002,,34.03548443,113.8581669
2,,,43.81867658,-79.34653002,,34.03548443,113.8581669
2,,,43.81867658,-79.34653002,,34.03548443,113.8581669
2,,,43.81867658,-79.34653002,,34.03548443,113.8581669
2,,,43.81867658,-79.34653002,,34.03548443,113.8581669
2,,,43.81867658,-79.34653002,,34.03548443,113.8581669
2,,,43.81867658,-79.34653002,,34.03548443,113.8581669
2,,,43.81867658,-79.34653002,,34.03548443,113.8581669
2,,,43.81867658,-79.34653002,,34.03548443,113.8581669
2,,,43.81867658,-79.34653002,,34.03548443,113.8581669
2,,,43.81867658,-79.34653002,,34.03548443,113.8581669
2,,,43.81867658,-79.34653002,,34.03548443,113.8581669
2,,,43.81867658,-79.34653002,,34.03548443,113.8581669
2,,,43.81867658,-79.34653002,,34.03548443,113.8581669
2,,,43.81867658,-79.34653002,,34.03548443,113.8581669
2,,,43.81867658,-79.34653002,,34.03548443,113.8581669
2,,,43.81867658,-79.34653002,,34.03548443,113.8581669
2,,,43.81867658,-79.34653002,,31.37285286,120.5186963
2,,,43.81867658,-79.34653002,,41.88904826,123.9489547
2,,,43.81867658,-79.34653002,,41.88904826,123.9489547
2,,,43.81867658,-79.34653002,,38.67871807,116.0921003
2,,,43.81867658,-79.34653002,,38.67871807,116.0921003
2,,,43.81867658,-79.34653002,,38.67871807,116.0921003
2,,,43.81867658,-79.34653002,,38.67871807,116.0921003
2,,,43.81867658,-79.34653002,,38.67871807,116.0921003
2,,,43.81867658,-79.34653002,,35.31659194,113.8985408
2,,,43.81867658,-79.34653002,,35.31659194,113.8985408
2,,,43.81867658,-79.34653002,,35.31659194,113.8985408
2,,,43.81867658,-79.34653002,,32.65679811,110.657253
2,,,43.81867658,-79.34653002,,32.65679811,110.657253
2,,,43.81867658,-79.34653002,,49.16321678,119.7442385
2,,,43.81867658,-79.34653002,,49.16321678,119.7442385
2,,,43.81867658,-79.34653002,,49.16321678,119.7442385
2,,,43.81867658,-79.34653002,,49.16321678,119.7442385
2,,,43.81867658,-79.34653002,,49.16321678,119.7442385
2,,,43.81867658,-79.34653002,,49.16321678,119.7442385
2,,,43.81867658,-79.34653002,,49.16321678,119.7442385
2,,,43.81867658,-79.34653002,,49.16321678,119.7442385
2,,,43.81867658,-79.34653002,,49.16321678,119.7442385
2,,,43.81867658,-79.34653002,,49.16321678,119.7442385
2,,,43.81867658,-79.34653002,,49.16321678,119.7442385
2,,,43.81867658,-79.34653002,,49.16321678,119.7442385
2,,,43.81867658,-79.34653002,,49.16321678,119.7442385
2,,,43.81867658,-79.34653002,,49.16321678,119.7442385
2,,,43.81867658,-79.34653002,,49.16321678,119.7442385
2,,,43.81867658,-79.34653002,,49.16321678,119.7442385
2,,,43.81867658,-79.34653002,,49.16321678,119.7442385
2,,,43.81867658,-79.34653002,,49.16321678,119.7442385
2,,,43.81867658,-79.34653002,,49.16321678,119.7442385
2,,,43.81867658,-79.34653002,,42.91329716,125.171666
2,,,43.81867658,-79.34653002,,38.67871807,116.0921003
2,,,43.81867658,-79.34653002,,38.67871807,116.0921003
2,,,43.81867658,-79.34653002,,38.67871807,116.0921003
2,,,43.81867658,-79.34653002,,38.67871807,116.0921003
2,,,43.81867658,-79.34653002,,38.67871807,116.0921003
2,,,43.81867658,-79.34653002,,38.67871807,116.0921003
2,,,43.81867658,-79.34653002,,38.67871807,116.0921003
2,,,43.81867658,-79.34653002,,31.98881061,118.8116288
2,,,43.81867658,-79.34653002,,22.60441997,114.035496
2,,,43.81867658,-79.34653002,,36.10481905,120.4347493
2,,,43.81867658,-79.34653002,,31.22819917,120.4367088
2,,,43.81867658,-79.34653002,,31.22819917,120.4367088
2,,,43.81867658,-79.34653002,,31.22819917,120.4367088
2,,,43.81867658,-79.34653002,,30.2915165,120.0169093
2,,,43.81867658,-79.34653002,,28.18286504,112.892679
2,,,43.81867658,-79.34653002,,28.18286504,112.892679
2,,,43.81867658,-79.34653002,,31.58062495,119.1292329
2,,,43.81867658,-79.34653002,,41.8130116,123.5236966
2,,,43.81867658,-79.34653002,,41.8130116,123.5236966
2,,,43.81867658,-79.34653002,,31.58062495,119.1292329
2,,,43.81867658,-79.34653002,,31.58062495,119.1292329
2,,,43.81867658,-79.34653002,,41.8130116,123.5236966
2,,,43.81867658,-79.34653002,,31.89364479,117.2403061
2,,,43.81867658,-79.34653002,,31.89364479,117.2403061
2,,,43.81867658,-79.34653002,,30.98990252,112.1921644
2,,,43.81867658,-79.34653002,,39.90625909,116.228122
2,,,43.81867658,-79.34653002,,31.33730219,120.8331869
2,,,43.81867658,-79.34653002,,23.36741696,116.7539758
2,,,43.81867658,-79.34653002,,41.82147084,123.2656945
2,,,43.81867658,-79.34653002,,22.7721628,113.5669071
2,,,43.81867658,-79.34653002,,31.12394282,121.257907
2,,,43.81867658,-79.34653002,,31.12394282,121.257907
2,,,43.81867658,-79.34653002,,23.15578886,113.2408979
2,,,43.81867658,-79.34653002,,23.15578886,113.2408979
2,,,43.81867658,-79.34653002,,23.15578886,113.2408979
2,,,43.81867658,-79.34653002,,23.15578886,113.2408979
2,,,43.81867658,-79.34653002,,23.15578886,113.2408979
2,,,43.81867658,-79.34653002,,23.15578886,113.2408979
2,,,43.81867658,-79.34653002,,39.85676384,116.4250851
2,,,43.81867658,-79.34653002,,39.85676384,116.4250851
2,,,43.81867658,-79.34653002,,39.85676384,116.4250851
2,,,43.81867658,-79.34653002,,43.91535853,87.57512144
2,,,43.81867658,-79.34653002,,43.91535853,87.57512144
2,,,43.81867658,-79.34653002,,43.91535853,87.57512144
2,,,43.81867658,-79.34653002,,43.91535853,87.57512144
2,,,43.81867658,-79.34653002,,43.91535853,87.57512144
2,,,43.81867658,-79.34653002,,43.91535853,87.57512144
2,,,43.81867658,-79.34653002,,35.31659194,113.8985408
2,,,43.81867658,-79.34653002,,35.31659194,113.8985408
2,,,43.81867658,-79.34653002,,35.31659194,113.8985408
2,,,43.81867658,-79.34653002,,31.14152187,121.341018
2,,,43.81867658,-79.34653002,,31.14152187,121.341018
2,,,43.81867658,-79.34653002,,31.14152187,121.341018
2,,,43.81867658,-79.34653002,,31.14152187,121.341018
2,,,43.81867658,-79.34653002,,31.14152187,121.341018
2,,,43.81867658,-79.34653002,,31.14152187,121.341018
2,,,43.81867658,-79.34653002,,31.14152187,121.341018
2,,,43.81867658,-79.34653002,,31.14152187,121.341018
2,,,43.81867658,-79.34653002,,31.14152187,121.341018
2,,,43.81867658,-79.34653002,,31.14152187,121.341018
2,,,43.81867658,-79.34653002,,31.14152187,121.341018
2,,,43.81867658,-79.34653002,,31.14152187,121.341018
2,,,43.81867658,-79.34653002,,31.14152187,121.341018
2,,,43.81867658,-79.34653002,,31.14152187,121.341018
2,,,43.81867658,-79.34653002,,31.14152187,121.341018
2,,,43.81867658,-79.34653002,,31.14152187,121.341018
2,,,43.81867658,-79.34653002,,31.14152187,121.341018
2,,,43.81867658,-79.34653002,,31.14152187,121.341018
2,,,43.81867658,-79.34653002,,31.14152187,121.341018
2,,,43.81867658,-79.34653002,,31.14152187,121.341018
2,,,43.81867658,-79.34653002,,31.31814007,120.6830744
2,,,43.81867658,-79.34653002,,31.31814007,120.6830744
2,,,43.81867658,-79.34653002,,39.09347708,117.2569352
2,,,43.81867658,-79.34653002,,23.15578886,113.2408979
2,,,43.81867658,-79.34653002,,36.35293085,113.2106375
2,,,43.81867658,-79.34653002,,36.35293085,113.2106375
2,,,43.81867658,-79.34653002,,30.66118845,104.1101204
2,,,43.81867658,-79.34653002,,36.63866445,117.0797408
2,,,43.81867658,-79.34653002,,36.63866445,117.0797408
2,,,43.81867658,-79.34653002,,36.63866445,117.0797408
2,,,43.81867658,-79.34653002,,36.63866445,117.0797408
2,,,43.81867658,-79.34653002,,36.63866445,117.0797408
2,,,43.81867658,-79.34653002,,36.63866445,117.0797408
2,,,43.81867658,-79.34653002,,36.63866445,117.0797408
2,,,43.81867658,-79.34653002,,23.15578886,113.2408979
2,,,43.81867658,-79.34653002,,23.15578886,113.2408979
2,,,43.81867658,-79.34653002,,23.15578886,113.2408979
2,,,43.81867658,-79.34653002,,23.15578886,113.2408979
2,,,43.81867658,-79.34653002,,23.15578886,113.2408979
2,,,43.81867658,-79.34653002,,23.15578886,113.2408979
2,,,43.81867658,-79.34653002,,23.15578886,113.2408979
2,,,43.81867658,-79.34653002,,39.16479801,117.19291
2,,,43.81867658,-79.34653002,,39.16479801,117.19291
2,,,43.81867658,-79.34653002,,39.16479801,117.19291
2,,,43.81867658,-79.34653002,,39.16479801,117.19291
2,,,43.81867658,-79.34653002,,32.3814312,119.4092205
2,,,43.81867658,-79.34653002,,32.3814312,119.4092205
2,,,43.81867658,-79.34653002,,32.03850788,118.8298509
2,,,43.81867658,-79.34653002,,32.12144027,118.7774472
2,,,43.81867658,-79.34653002,,32.11991084,118.8465478
2,,,43.81867658,-79.34653002,,41.91118019,123.4106482
2,,,43.81867658,-79.34653002,,31.64508291,119.0538254
2,,,43.81867658,-79.34653002,,31.63561798,119.018052
2,,,43.81867658,-79.34653002,,38.67871807,116.0921003
2,,,43.81867658,-79.34653002,,23.15578886,113.2408979
2,,,43.81867658,-79.34653002,,23.15578886,113.2408979
2,,,43.81867658,-79.34653002,,36.63866445,117.0797408
2,,,43.81867658,-79.34653002,,36.63866445,117.0797408
2,,,43.81867658,-79.34653002,,36.63866445,117.0797408
2,,,43.81867658,-79.34653002,,36.63866445,117.0797408
2,,,43.81867658,-79.34653002,,35.2496722,115.5010681
2,,,43.81867658,-79.34653002,,35.2496722,115.5010681
2,,,43.81867658,-79.34653002,,36.63866445,117.0797408
2,,,43.81867658,-79.34653002,,36.63866445,117.0797408
2,,,43.81867658,-79.34653002,,36.63866445,117.0797408
,,,43.81867658,-79.34653002,,22.53203987,113.9377613
,,,43.81867658,-79.34653002,,22.53203987,113.9377613
2,,,43.81867658,-79.34653002,,39.71605807,116.0795785
2,,,43.81867658,-79.34653002,,39.71605807,116.0795785
2,,,43.81867658,-79.34653002,,39.71605807,116.0795785
2,,,43.81867658,-79.34653002,,39.71605807,116.0795785
,,,43.81867658,-79.34653002,,39.71605807,116.0795785
2,,,43.81867658,-79.34653002,,31.38015534,121.2725951
2,,,43.81867658,-79.34653002,,31.38015534,121.2725951
2,,,43.81867658,-79.34653002,,31.38015534,121.2725951
2,,,43.81867658,-79.34653002,,31.38015534,121.2725951
,,,43.81867658,-79.34653002,,31.38015534,121.2725951
2,,,43.81867658,-79.34653002,,24.18504903,113.4259001
2,,,43.81867658,-79.34653002,,24.18504903,113.4259001
2,,,43.81867658,-79.34653002,,40.02841783,116.2723489
2,,,43.81867658,-79.34653002,,24.52401879,118.1217541
2,,,43.81867658,-79.34653002,,36.63866445,117.0797408
2,,,43.81867658,-79.34653002,,39.09347708,117.2569352
2,,,43.81867658,-79.34653002,,39.09347708,117.2569352
2,,,43.81867658,-79.34653002,,24.52401879,118.1217541
2,,,43.81867658,-79.34653002,,24.52401879,118.1217541
2,,,43.81867658,-79.34653002,,24.52401879,118.1217541
2,,,43.81867658,-79.34653002,,31.12456773,121.2580254
2,,,43.81867658,-79.34653002,,36.63866445,117.0797408
2,,,43.81867658,-79.34653002,,24.18504903,113.4259001
2,,,43.81867658,-79.34653002,,35.2496722,115.5010681
2,,,43.81867658,-79.34653002,,43.79295938,125.2935665
2,,,43.81867658,-79.34653002,,35.2496722,115.5010681
2,,,43.81867658,-79.34653002,,43.79295938,125.2935665
2,,,43.81867658,-79.34653002,,43.79295938,125.2935665
2,,,43.81867658,-79.34653002,,43.79295938,125.2935665
2,,,43.81867658,-79.34653002,,35.2496722,115.5010681
2,,,43.81867658,-79.34653002,,35.2496722,115.5010681
2,,,43.81867658,-79.34653002,,35.2496722,115.5010681
2,,,43.81867658,-79.34653002,,35.2496722,115.5010681
2,,,43.81867658,-79.34653002,,35.2496722,115.5010681
2,,,43.81867658,-79.34653002,,35.2496722,115.5010681
2,,,43.81867658,-79.34653002,,35.2496722,115.5010681
2,,,43.81867658,-79.34653002,,43.91535853,87.57512144
2,,,43.81867658,-79.34653002,,43.91535853,87.57512144
2,,,43.81867658,-79.34653002,,43.91535853,87.57512144
2,,,43.81867658,-79.34653002,,43.91535853,87.57512144
2,,,43.81867658,-79.34653002,,43.91535853,87.57512144
2,,,43.81867658,-79.34653002,,43.91535853,87.57512144
2,,,43.81867658,-79.34653002,,43.91535853,87.57512144
2,,,43.81867658,-79.34653002,,43.91535853,87.57512144
2,,,43.81867658,-79.34653002,,39.9168266,116.3107014
2,,,43.81867658,-79.34653002,,36.35293085,113.2106375
2,,,43.81867658,-79.34653002,,36.35293085,113.2106375
2,,,43.81867658,-79.34653002,,32.93097115,117.3799076
2,,,43.81867658,-79.34653002,,32.93097115,117.3799076
2,,,43.81867658,-79.34653002,,32.93097115,117.3799076
2,,,43.81867658,-79.34653002,,32.93097115,117.3799076
2,,,43.81867658,-79.34653002,,32.93097115,117.3799076
2,,,43.81867658,-79.34653002,,36.07751898,113.8137608
2,,,43.81867658,-79.34653002,,24.52401879,118.1217541
2,,,43.81867658,-79.34653002,,24.52401879,118.1217541
2,,,43.81867658,-79.34653002,,24.52401879,118.1217541
2,,,43.81867658,-79.34653002,,24.52401879,118.1217541
2,,,43.81867658,-79.34653002,,39.90625909,116.228122
2,,,43.81867658,-79.34653002,,30.31781831,120.0936612
2,,,43.81867658,-79.34653002,,30.31781831,120.0936612
2,,,43.81867658,-79.34653002,,30.31781831,120.0936612
2,,,43.81867658,-79.34653002,,30.31781831,120.0936612
2,,,43.81867658,-79.34653002,,36.6309679,114.601477
2,,,43.81867658,-79.34653002,,36.6309679,114.601477
2,,,43.81867658,-79.34653002,,36.6309679,114.601477
2,,,43.81867658,-79.34653002,,36.6309679,114.601477
2,,,43.81867658,-79.34653002,,36.6309679,114.601477
2,,,43.81867658,-79.34653002,,23.13695873,113.2493643
2,,,43.81867658,-79.34653002,,24.48430872,118.1214772
2,,,43.81867658,-79.34653002,,24.48430872,118.1214772
2,,,43.81867658,-79.34653002,,24.48430872,118.1214772
2,,,43.81867658,-79.34653002,,24.48430872,118.1214772
2,,,43.81867658,-79.34653002,,31.27069881,121.6083143
2,,,43.81867658,-79.34653002,,31.27069881,121.6083143
2,,,43.81867658,-79.34653002,,31.27069881,121.6083143
2,,,43.81867658,-79.34653002,,31.27069881,121.6083143
2,,,43.81867658,-79.34653002,,31.27069881,121.6083143
2,,,43.81867658,-79.34653002,,31.27069881,121.6083143
2,,,43.81867658,-79.34653002,,31.20405155,121.464503
2,,,43.81867658,-79.34653002,,31.20405155,121.464503
2,,,43.81867658,-79.34653002,,31.20405155,121.464503
2,,,43.81867658,-79.34653002,,31.19722109,121.3798836
2,,,43.81867658,-79.34653002,,31.19722109,121.3798836
2,,,43.81867658,-79.34653002,,31.19722109,121.3798836
2,,,43.81867658,-79.34653002,,31.19722109,121.3798836
2,,,43.81867658,-79.34653002,,31.19722109,121.3798836
2,,,43.81867658,-79.34653002,,31.19722109,121.3798836
2,,,43.81867658,-79.34653002,,39.15602292,117.18169
2,,,43.81867658,-79.34653002,,39.15602292,117.18169
2,,,43.81867658,-79.34653002,,39.15602292,117.18169
2,,,43.81867658,-79.34653002,,39.15602292,117.18169
2,,,43.81867658,-79.34653002,,39.15602292,117.18169
2,,,43.81867658,-79.34653002,,39.15602292,117.18169
2,,,43.81867658,-79.34653002,,30.4403188,114.886447
2,,,43.81867658,-79.34653002,,30.4403188,114.886447
2,,,43.81867658,-79.34653002,,30.4403188,114.886447
2,,,43.81867658,-79.34653002,,38.45474125,106.2284797
2,,,43.81867658,-79.34653002,,29.34237953,105.9457437
2,,,43.81867658,-79.34653002,,31.20405155,121.464503
2,,,43.81867658,-79.34653002,,31.20405155,121.464503
2,,,43.81867658,-79.34653002,,31.27069881,121.6083143
2,,,43.81867658,-79.34653002,,24.48430872,118.1214772
2,,,43.81867658,-79.34653002,,24.48430872,118.1214772
2,,,43.81867658,-79.34653002,,24.48430872,118.1214772
2,,,43.81867658,-79.34653002,,39.15602292,117.18169
2,,,43.81867658,-79.34653002,,39.15602292,117.18169
2,,,43.81867658,-79.34653002,,31.19722109,121.3798836
2,,,43.81867658,-79.34653002,,31.19722109,121.3798836
2,,,43.81867658,-79.34653002,,31.19722109,121.3798836
2,,,43.81867658,-79.34653002,,31.19722109,121.3798836
2,,,43.81867658,-79.34653002,,31.19722109,121.3798836
2,,,43.81867658,-79.34653002,,36.6309679,114.601477
2,,,43.81867658,-79.34653002,,36.6309679,114.601477
2,,,43.81867658,-79.34653002,,36.6309679,114.601477
2,,,43.81867658,-79.34653002,,36.6309679,114.601477
2,,,43.81867658,-79.34653002,,36.6309679,114.601477
2,,,43.81867658,-79.34653002,,36.6309679,114.601477
2,,,43.81867658,-79.34653002,,30.31781831,120.0936612
2,,,43.81867658,-79.34653002,,30.31781831,120.0936612
2,,,43.81867658,-79.34653002,,30.31781831,120.0936612
2,,,43.81867658,-79.34653002,,30.31781831,120.0936612
2,,,43.81867658,-79.34653002,,30.31781831,120.0936612
2,,,43.81867658,-79.34653002,,30.31781831,120.0936612
2,,,43.81867658,-79.34653002,,30.31781831,120.0936612
2,,,43.81867658,-79.34653002,,30.31781831,120.0936612
2,,,43.81867658,-79.34653002,,34.19073899,113.9798969
2,,,43.81867658,-79.34653002,,34.19073899,113.9798969
2,,,43.81867658,-79.34653002,,23.15782911,113.3437319
2,,,43.81867658,-79.34653002,,31.11983572,121.2394726
2,,,43.81867658,-79.34653002,,31.11983572,121.2394726
2,,,43.81867658,-79.34653002,,36.65091641,117.099483
2,,,43.81867658,-79.34653002,,36.65091641,117.099483
2,,,43.81867658,-79.34653002,,36.72686344,119.1448597
2,,,43.81867658,-79.34653002,,22.56858669,114.1792828
2,,,43.81867658,-79.34653002,,22.56858669,114.1792828
2,,,43.81867658,-79.34653002,,31.82978245,117.3161911
2,,,43.81867658,-79.34653002,,41.69798638,123.4074771
2,,,43.81867658,-79.34653002,,41.69798638,123.4074771
2,,,43.81867658,-79.34653002,,32.03627442,118.7848933
2,,,43.81867658,-79.34653002,,32.03627442,118.7848933
2,,,43.81867658,-79.34653002,,29.88778752,122.4141991
2,,,43.81867658,-79.34653002,,39.96310307,116.472771
2,,,43.81867658,-79.34653002,,22.54094022,113.4038
2,,,43.81867658,-79.34653002,,36.07898762,103.7857476
2,,,43.81867658,-79.34653002,,36.07898762,103.7857476
2,,,43.81867658,-79.34653002,,37.45505401,116.3239095
2,,,43.81867658,-79.34653002,,24.52401879,118.1217541
2,,,43.81867658,-79.34653002,,24.52401879,118.1217541
2,,,43.81867658,-79.34653002,,34.73017159,113.6367692
2,,,43.81867658,-79.34653002,,31.20720125,121.5296962
2,,,43.81867658,-79.34653002,,28.14866905,113.0354662
2,,,43.81867658,-79.34653002,,28.14866905,113.0354662
2,,,43.81867658,-79.34653002,,28.14866905,113.0354662
2,,,43.81867658,-79.34653002,,28.14866905,113.0354662
2,,,43.81867658,-79.34653002,,28.14866905,113.0354662
2,,,43.81867658,-79.34653002,,39.92121342,116.6115894
2,,,43.81867658,-79.34653002,,28.13520278,113.0118932
2,,,43.81867658,-79.34653002,,28.13520278,113.0118932
2,,,43.81867658,-79.34653002,,45.72707505,126.6117187
2,,,43.81867658,-79.34653002,,45.72707505,126.6117187
2,,,43.81867658,-79.34653002,,45.72707505,126.6117187
2,,,43.81867658,-79.34653002,,45.72707505,126.6117187
2,,,43.81867658,-79.34653002,,45.72707505,126.6117187
2,,,43.81867658,-79.34653002,,28.76900111,104.6221387
2,,,43.81867658,-79.34653002,,31.24844231,121.4338216
2,,,43.81867658,-79.34653002,,24.52401879,118.1217541
2,,,43.81867658,-79.34653002,,24.52401879,118.1217541
2,,,43.81867658,-79.34653002,,34.73017159,113.6367692
2,,,43.81867658,-79.34653002,,34.73017159,113.6367692
2,,,43.81867658,-79.34653002,,39.96856409,116.358831
2,,,43.81867658,-79.34653002,,39.96856409,116.358831
2,,,43.81867658,-79.34653002,,39.09349381,117.1375555
2,,,43.81867658,-79.34653002,,39.09349381,117.1375555
2,,,43.81867658,-79.34653002,,39.09349381,117.1375555
2,,,43.81867658,-79.34653002,,39.09349381,117.1375555
2,,,43.81867658,-79.34653002,,39.09349381,117.1375555
2,,,43.81867658,-79.34653002,,39.09349381,117.1375555
2,,,43.81867658,-79.34653002,,39.90625909,116.228122
2,,,43.81867658,-79.34653002,,39.09349381,117.1375555
2,,,43.81867658,-79.34653002,,24.52401879,118.1217541
2,,,43.81867658,-79.34653002,,24.52401879,118.1217541
2,,,43.81867658,-79.34653002,,39.90625909,116.228122
2,,,43.81867658,-79.34653002,,34.73017159,113.6367692
2,,,43.81867658,-79.34653002,,28.14866905,113.0354662
2,,,43.81867658,-79.34653002,,28.14866905,113.0354662
2,,,43.81867658,-79.34653002,,28.14866905,113.0354662
2,,,43.81867658,-79.34653002,,28.14866905,113.0354662
2,,,43.81867658,-79.34653002,,28.14866905,113.0354662
2,,,43.81867658,-79.34653002,,28.14866905,113.0354662
2,,,43.81867658,-79.34653002,,28.14866905,113.0354662
2,,,43.81867658,-79.34653002,,28.14866905,113.0354662
2,,,43.81867658,-79.34653002,,28.14866905,113.0354662
2,,,43.81867658,-79.34653002,,28.14866905,113.0354662
2,,,43.81867658,-79.34653002,,28.14866905,113.0354662
2,,,43.81867658,-79.34653002,,28.14866905,113.0354662
2,,,43.81867658,-79.34653002,,28.14866905,113.0354662
2,,,43.81867658,-79.34653002,,28.14866905,113.0354662
2,,,43.81867658,-79.34653002,,28.14866905,113.0354662
2,,,43.81867658,-79.34653002,,28.14866905,113.0354662
2,,,43.81867658,-79.34653002,,28.14866905,113.0354662
2,,,43.81867658,-79.34653002,,28.14866905,113.0354662
2,,,43.81867658,-79.34653002,,24.52401879,118.1217541
2,,,43.81867658,-79.34653002,,24.52401879,118.1217541
2,,,43.81867658,-79.34653002,,30.29551476,120.1453612
2,,,43.81867658,-79.34653002,,24.46651446,118.185468
2,,,43.81867658,-79.34653002,,40.05074137,116.2986356
2,,,43.81867658,-79.34653002,,40.05074137,116.2986356
2,,,43.81867658,-79.34653002,,40.05074137,116.2986356
2,,,43.81867658,-79.34653002,,32.23595737,106.2994933
2,,,43.81867658,-79.34653002,,32.23595737,106.2994933
2,,,43.81867658,-79.34653002,,32.23595737,106.2994933
2,,,43.81867658,-79.34653002,,32.23595737,106.2994933
2,,,43.81867658,-79.34653002,,32.23595737,106.2994933
2,,,43.81867658,-79.34653002,,32.60542348,106.475378
2,,,43.81867658,-79.34653002,,32.60542348,106.475378
2,,,43.81867658,-79.34653002,,32.60542348,106.475378
2,,,43.81867658,-79.34653002,,32.60542348,106.475378
2,,,43.81867658,-79.34653002,,32.23048954,106.2852304
2,,,43.81867658,-79.34653002,,32.23048954,106.2852304
2,,,43.81867658,-79.34653002,,32.23048954,106.2852304
2,,,43.81867658,-79.34653002,,32.23048954,106.2852304
2,,,43.81867658,-79.34653002,,39.88258605,116.501958
2,,,43.81867658,-79.34653002,,45.74859191,126.563111
2,,,43.81867658,-79.34653002,,41.8130116,123.5236966
2,,,43.81867658,-79.34653002,,31.58062495,119.1292329
2,,,43.81867658,-79.34653002,,38.92163672,121.5993122
2,,,43.81867658,-79.34653002,,38.92163672,121.5993122
2,,,43.81867658,-79.34653002,,38.92163672,121.5993122
2,,,43.81867658,-79.34653002,,38.92163672,121.5993122
2,,,43.81867658,-79.34653002,,34.78049368,113.6684154
2,,,43.81867658,-79.34653002,,34.78049368,113.6684154
2,,,43.81867658,-79.34653002,,28.70616736,115.955958
2,,,43.81867658,-79.34653002,,28.70616736,115.955958
2,,,43.81867658,-79.34653002,,28.70616736,115.955958
2,,,43.81867658,-79.34653002,,24.52401879,118.1217541
2,,,43.81867658,-79.34653002,,38.92163672,121.5993122
2,,,43.81867658,-79.34653002,,41.81123699,123.4329347
2,,,43.81867658,-79.34653002,,41.81123699,123.4329347
2,,,43.81867658,-79.34653002,,41.81123699,123.4329347
2,,,43.81867658,-79.34653002,,41.83002376,123.5038054
2,,,43.81867658,-79.34653002,,41.83002376,123.5038054
2,,,43.81867658,-79.34653002,,41.83002376,123.5038054
2,,,43.81867658,-79.34653002,,41.77690844,123.377621
2,,,43.81867658,-79.34653002,,34.15613209,108.9827132
2,,,43.81867658,-79.34653002,,34.15613209,108.9827132
2,,,43.81867658,-79.34653002,,34.73017159,113.6367692
2,,,43.81867658,-79.34653002,,31.18063037,121.3974361
2,,,43.81867658,-79.34653002,,22.57680488,114.1468267
2,,,43.81867658,-79.34653002,,22.57680488,114.1468267
2,,,43.81867658,-79.34653002,,39.10516874,117.1977947
2,,,43.81867658,-79.34653002,,23.72663299,113.0538182
2,,,43.81867658,-79.34653002,,32.23595737,106.2994933
2,,,43.81867658,-79.34653002,,32.23595737,106.2994933
2,,,43.81867658,-79.34653002,,32.60542348,106.475378
2,,,43.81867658,-79.34653002,,32.60542348,106.475378
2,,,43.81867658,-79.34653002,,32.60542348,106.475378
2,,,43.81867658,-79.34653002,,32.23048954,106.2852304
2,,,43.81867658,-79.34653002,,32.23048954,106.2852304
2,,,43.81867658,-79.34653002,,34.15613209,108.9827132
2,,,43.81867658,-79.34653002,,36.6309679,114.601477
2,,,43.81867658,-79.34653002,,22.60435449,114.0352489
2,,,43.81867658,-79.34653002,,22.60435449,114.0352489
2,,,43.81867658,-79.34653002,,22.60435449,114.0352489
2,,,43.81867658,-79.34653002,,22.60435449,114.0352489
2,,,43.81867658,-79.34653002,,22.60435449,114.0352489
2,,,43.81867658,-79.34653002,,32.0329951,120.8742608
2,,,43.81867658,-79.34653002,,32.0329951,120.8742608
2,,,43.81867658,-79.34653002,,32.0329951,120.8742608
2,,,43.81867658,-79.34653002,,32.0329951,120.8742608
2,,,43.81867658,-79.34653002,,32.0329951,120.8742608
2,,,43.81867658,-79.34653002,,32.0329951,120.8742608
2,,,43.81867658,-79.34653002,,32.0329951,120.8742608
2,,,43.81867658,-79.34653002,,32.0329951,120.8742608
2,,,43.81867658,-79.34653002,,38.67871807,116.0921003
2,,,43.81867658,-79.34653002,,30.22625008,120.27067
2,,,43.81867658,-79.34653002,,30.22625008,120.27067
2,,,43.81867658,-79.34653002,,30.22625008,120.27067
2,,,43.81867658,-79.34653002,,30.22625008,120.27067
2,,,43.81867658,-79.34653002,,24.52401879,118.1217541
2,,,43.81867658,-79.34653002,,34.15613209,108.9827132
2,,,43.81867658,-79.34653002,,30.28040507,119.9858869
2,,,43.81867658,-79.34653002,,30.28040507,119.9858869
2,,,43.81867658,-79.34653002,,34.15613209,108.9827132
2,,,43.81867658,-79.34653002,,22.60435449,114.0352489
2,,,43.81867658,-79.34653002,,22.60435449,114.0352489
2,,,43.81867658,-79.34653002,,22.60435449,114.0352489
2,,,43.81867658,-79.34653002,,22.60435449,114.0352489
2,,,43.81867658,-79.34653002,,45.74859191,126.563111
2,,,43.81867658,-79.34653002,,45.74859191,126.563111
2,,,43.81867658,-79.34653002,,30.04166057,120.4902632
2,,,43.81867658,-79.34653002,,30.04166057,120.4902632
2,,,43.81867658,-79.34653002,,30.04166057,120.4902632
2,,,43.81867658,-79.34653002,,30.04166057,120.4902632
2,,,43.81867658,-79.34653002,,30.04166057,120.4902632
2,,,43.81867658,-79.34653002,,39.77729964,116.3317843
2,,,43.81867658,-79.34653002,,39.96776753,116.3048442
2,,,43.81867658,-79.34653002,,39.96776753,116.3048442
2,,,43.81867658,-79.34653002,,39.96776753,116.3048442
2,,,43.81867658,-79.34653002,,30.04166057,120.4902632
2,,,43.81867658,-79.34653002,,29.90064111,121.611147
2,,,43.81867658,-79.34653002,,29.90064111,121.611147
2,,,43.81867658,-79.34653002,,31.1672964,121.4385622
2,,,43.81867658,-79.34653002,,32.02207875,118.8006998
2,,,43.81867658,-79.34653002,,36.06835323,120.4081286
2,,,43.81867658,-79.34653002,,36.06835323,120.4081286
2,,,43.81867658,-79.34653002,,36.06835323,120.4081286
2,,,43.81867658,-79.34653002,,36.06835323,120.4081286
2,,,43.81867658,-79.34653002,,36.06835323,120.4081286
2,,,43.81867658,-79.34653002,,36.06835323,120.4081286
2,,,43.81867658,-79.34653002,,36.06835323,120.4081286
2,,,43.81867658,-79.34653002,,36.06835323,120.4081286
2,,,43.81867658,-79.34653002,,36.06835323,120.4081286
2,,,43.81867658,-79.34653002,,36.06835323,120.4081286
2,,,43.81867658,-79.34653002,,36.06835323,120.4081286
2,,,43.81867658,-79.34653002,,36.06835323,120.4081286
2,,,43.81867658,-79.34653002,,36.06835323,120.4081286
2,,,43.81867658,-79.34653002,,36.06835323,120.4081286
2,,,43.81867658,-79.34653002,,31.36281497,121.1770206
2,,,43.81867658,-79.34653002,,31.36281497,121.1770206
2,,,43.81867658,-79.34653002,,38.87847293,121.6602356
2,,,43.81867658,-79.34653002,,45.77081857,126.6065819
2,,,43.81867658,-79.34653002,,22.60435449,114.0352489
2,,,43.81867658,-79.34653002,,22.60435449,114.0352489
2,,,43.81867658,-79.34653002,,22.60435449,114.0352489
2,,,43.81867658,-79.34653002,,22.60435449,114.0352489
2,,,43.81867658,-79.34653002,,22.60435449,114.0352489
2,,,43.81867658,-79.34653002,,31.31537824,121.4985316
2,,,43.81867658,-79.34653002,,31.31537824,121.4985316
2,,,43.81867658,-79.34653002,,39.99337318,116.4256846
2,,,43.81867658,-79.34653002,,30.68990872,104.0717297
2,,,43.81867658,-79.34653002,,34.15613209,108.9827132
2,,,43.81867658,-79.34653002,,30.88543705,120.6526781
2,,,43.81867658,-79.34653002,,30.88543705,120.6526781
2,,,43.81867658,-79.34653002,,30.88543705,120.6526781
2,,,43.81867658,-79.34653002,,43.16343506,124.3879503
2,,,43.81867658,-79.34653002,,41.79081954,123.4892227
2,,,43.81867658,-79.34653002,,36.18156555,120.4288668
2,,,43.81867658,-79.34653002,,43.16343506,124.3879503
2,,,43.81867658,-79.34653002,,37.19872379,119.9662384
2,,,43.81867658,-79.34653002,,37.19872379,119.9662384
2,,,43.81867658,-79.34653002,,-1,-1
2,,,43.81867658,-79.34653002,,-1,-1
2,,,43.81867658,-79.34653002,,-1,-1
2,,,43.81867658,-79.34653002,,43.80117616,125.4397908
2,,,43.81867658,-79.34653002,,43.80117616,125.4397908
2,,,43.81867658,-79.34653002,,31.63274934,120.3616226
2,,,43.81867658,-79.34653002,,31.63274934,120.3616226
2,,,43.81867658,-79.34653002,,32.05841047,118.7421996
2,,,43.81867658,-79.34653002,,24.52401879,118.1217541
2,,,43.81867658,-79.34653002,,39.96310307,116.472771
2,,,43.81867658,-79.34653002,,39.96310307,116.472771
2,,,43.81867658,-79.34653002,,34.15613209,108.9827132
2,,,43.81867658,-79.34653002,,32.05841047,118.7421996
2,,,43.81867658,-79.34653002,,36.67457935,119.1113926
2,,,43.81867658,-79.34653002,,39.15193766,117.0661671
2,,,43.81867658,-79.34653002,,32.05841047,118.7421996
2,,,43.81867658,-79.34653002,,31.95527684,119.1755331
2,,,43.81867658,-79.34653002,,31.95527684,119.1755331
2,,,43.81867658,-79.34653002,,31.95527684,119.1755331
2,,,43.81867658,-79.34653002,,31.95527684,119.1755331
2,,,43.81867658,-79.34653002,,23.17726018,113.2782454
2,,,43.81867658,-79.34653002,,23.17726018,113.2782454
2,,,43.81867658,-79.34653002,,35.89924043,117.741614
2,,,43.81867658,-79.34653002,,31.51614072,120.3149754
2,,,43.81867658,-79.34653002,,30.93487248,121.496091
2,,,43.81867658,-79.34653002,,30.93487248,121.496091
2,,,43.81867658,-79.34653002,,30.93487248,121.496091
2,,,43.81867658,-79.34653002,,31.32448804,121.5319057
2,,,43.81867658,-79.34653002,,41.79081954,123.4892227
2,,,43.81867658,-79.34653002,,41.79081954,123.4892227
2,,,43.81867658,-79.34653002,,43.80117616,125.4397908
2,,,43.81867658,-79.34653002,,25.01493251,102.6793942
2,,,43.81867658,-79.34653002,,25.01493251,102.6793942
2,,,43.81867658,-79.34653002,,30.93487248,121.496091
2,,,43.81867658,-79.34653002,,30.93487248,121.496091
2,,,43.81867658,-79.34653002,,30.60020453,114.3068424
2,,,43.81867658,-79.34653002,,31.11583372,121.0487231
2,,,43.81867658,-79.34653002,,41.8418679,123.415353
2,,,43.81867658,-79.34653002,,41.8418679,123.415353
2,,,43.81867658,-79.34653002,,31.09440155,121.3842847
2,,,43.81867658,-79.34653002,,28.70616736,115.955958
2,,,43.81867658,-79.34653002,,34.27494904,109.006939
2,,,43.81867658,-79.34653002,,30.84679191,104.2162976
2,,,43.81867658,-79.34653002,,30.84679191,104.2162976
2,,,43.81867658,-79.34653002,,30.84679191,104.2162976
2,,,43.81867658,-79.34653002,,30.84679191,104.2162976
2,,,43.81867658,-79.34653002,,34.15613209,108.9827132
2,,,43.81867658,-79.34653002,,34.34286544,108.8510898
2,,,43.81867658,-79.34653002,,28.68619385,115.8893194
2,,,43.81867658,-79.34653002,,31.11583372,121.0487231
2,,,43.81867658,-79.34653002,,31.11583372,121.0487231
2,,,43.81867658,-79.34653002,,31.11583372,121.0487231
2,,,43.81867658,-79.34653002,,23.15228402,113.3368821
2,,,43.81867658,-79.34653002,,39.85676384,116.4250851
2,,,43.81867658,-79.34653002,,34.17059679,108.9020441
2,,,43.81867658,-79.34653002,,45.72489651,126.6155179
2,,,43.81867658,-79.34653002,,45.72489651,126.6155179
2,,,43.81867658,-79.34653002,,45.72489651,126.6155179
2,,,43.81867658,-79.34653002,,36.6798094,116.9366786
2,,,43.81867658,-79.34653002,,36.6798094,116.9366786
2,,,43.81867658,-79.34653002,,36.6798094,116.9366786
2,,,43.81867658,-79.34653002,,36.6798094,116.9366786
2,,,43.81867658,-79.34653002,,36.6798094,116.9366786
2,,,43.81867658,-79.34653002,,36.6798094,116.9366786
2,,,43.81867658,-79.34653002,,36.6798094,116.9366786
2,,,43.81867658,-79.34653002,,34.27494904,109.006939
2,,,43.81867658,-79.34653002,,28.17556913,113.0122393
2,,,43.81867658,-79.34653002,,28.17556913,113.0122393
2,,,43.81867658,-79.34653002,,28.17556913,113.0122393
2,,,43.81867658,-79.34653002,,24.52401879,118.1217541
2,,,43.81867658,-79.34653002,,39.82086608,116.3818404
2,,,43.81867658,-79.34653002,,22.57276931,114.0669518
2,,,43.81867658,-79.34653002,,30.84679191,104.2162976
2,,,43.81867658,-79.34653002,,30.84679191,104.2162976
2,,,43.81867658,-79.34653002,,28.70616736,115.955958
2,,,43.81867658,-79.34653002,,39.97722915,116.3456886
2,,,43.81867658,-79.34653002,,39.97722915,116.3456886
2,,,43.81867658,-79.34653002,,36.6798094,116.9366786
2,,,43.81867658,-79.34653002,,36.6798094,116.9366786
2,,,43.81867658,-79.34653002,,36.6798094,116.9366786
2,,,43.81867658,-79.34653002,,36.6798094,116.9366786
2,,,43.81867658,-79.34653002,,36.6798094,116.9366786
2,,,43.81867658,-79.34653002,,36.6798094,116.9366786
2,,,43.81867658,-79.34653002,,32.03850788,118.8298509
2,,,43.81867658,-79.34653002,,29.93991282,121.1137332
2,,,43.81867658,-79.34653002,,29.93991282,121.1137332
2,,,43.81867658,-79.34653002,,29.93991282,121.1137332
2,,,43.81867658,-79.34653002,,22.92331249,113.3681959
2,,,43.81867658,-79.34653002,,22.92331249,113.3681959
2,,,43.81867658,-79.34653002,,22.92331249,113.3681959
2,,,43.81867658,-79.34653002,,22.92331249,113.3681959
2,,,43.81867658,-79.34653002,,22.92331249,113.3681959
2,,,43.81867658,-79.34653002,,22.92331249,113.3681959
2,,,43.81867658,-79.34653002,,28.70616736,115.955958
2,,,43.81867658,-79.34653002,,34.15613209,108.9827132
2,,,43.81867658,-79.34653002,,31.58062495,119.1292329
2,,,43.81867658,-79.34653002,,29.08689363,119.6713188
2,,,43.81867658,-79.34653002,,41.8130116,123.5236966
2,,,43.81867658,-79.34653002,,41.12088735,121.1770043
2,,,43.81867658,-79.34653002,,43.52439174,123.5154136
2,,,43.81867658,-79.34653002,,41.78590041,123.4650137
2,,,43.81867658,-79.34653002,,22.360224,112.6822427
2,,,43.81867658,-79.34653002,,31.28255495,120.5165415
2,,,43.81867658,-79.34653002,,36.67834427,117.0407929
2,,,43.81867658,-79.34653002,,36.64316759,117.0904214
2,,,43.81867658,-79.34653002,,39.96968785,116.3990936
2,,,43.81867658,-79.34653002,,37.19872379,119.9662384
2,,,43.81867658,-79.34653002,,37.19872379,119.9662384
2,,,43.81867658,-79.34653002,,37.19872379,119.9662384
2,,,43.81867658,-79.34653002,,37.19872379,119.9662384
2,,,43.81867658,-79.34653002,,39.96310307,116.472771
2,,,43.81867658,-79.34653002,,34.15613209,108.9827132
2,,,43.81867658,-79.34653002,,32.41003305,119.4326244
2,,,43.81867658,-79.34653002,,38.67871807,116.0921003
2,,,43.81867658,-79.34653002,,34.27494904,109.006939
2,,,43.81867658,-79.34653002,,34.27494904,109.006939
2,,,43.81867658,-79.34653002,,39.97692858,116.3106957
2,,,43.81867658,-79.34653002,,28.12166568,113.0146668
2,,,43.81867658,-79.34653002,,38.0223348,115.5765639
2,,,43.81867658,-79.34653002,,31.09440155,121.3842847
2,,,43.81867658,-79.34653002,,31.24733838,121.5653887
2,,,43.81867658,-79.34653002,,31.24733838,121.5653887
2,,,43.81867658,-79.34653002,,34.73017159,113.6367692
2,,,43.81867658,-79.34653002,,31.22134183,121.462476
2,,,43.81867658,-79.34653002,,30.51215303,114.3489133
2,,,43.81867658,-79.34653002,,30.51215303,114.3489133
2,,,43.81867658,-79.34653002,,31.4654955,120.6336253
2,,,43.81867658,-79.34653002,,23.14247895,113.2882538
2,,,43.81867658,-79.34653002,,23.14247895,113.2882538
2,,,43.81867658,-79.34653002,,32.41387766,119.4040919
2,,,43.81867658,-79.34653002,,32.41387766,119.4040919
2,,,43.81867658,-79.34653002,,32.41387766,119.4040919
2,,,43.81867658,-79.34653002,,36.67265619,117.1459728
2,,,43.81867658,-79.34653002,,36.67265619,117.1459728
2,,,43.81867658,-79.34653002,,31.24733838,121.5653887
2,,,43.81867658,-79.34653002,,37.19872379,119.9662384
2,,,43.81867658,-79.34653002,,43.90280826,126.5748938
2,,,43.81867658,-79.34653002,,43.90280826,126.5748938
2,,,43.81867658,-79.34653002,,43.90280826,126.5748938
2,,,43.81867658,-79.34653002,,43.90280826,126.5748938
2,,,43.81867658,-79.34653002,,32.07018301,118.7507145
2,,,43.81867658,-79.34653002,,32.07018301,118.7507145
2,,,43.81867658,-79.34653002,,32.07018301,118.7507145
2,,,43.81867658,-79.34653002,,32.07018301,118.7507145
2,,,43.81867658,-79.34653002,,32.07018301,118.7507145
2,,,43.81867658,-79.34653002,,36.32575564,114.5973566
2,,,43.81867658,-79.34653002,,36.32575564,114.5973566
2,,,43.81867658,-79.34653002,,36.32575564,114.5973566
2,,,43.81867658,-79.34653002,,37.19872379,119.9662384
2,,,43.81867658,-79.34653002,,39.97692858,116.3106957
2,,,43.81867658,-79.34653002,,34.700857,112.408839
2,,,43.81867658,-79.34653002,,34.700857,112.408839
2,,,43.81867658,-79.34653002,,34.700857,112.408839
2,,,43.81867658,-79.34653002,,39.97692858,116.3106957
2,,,43.81867658,-79.34653002,,46.61570259,124.9103964
2,,,43.81867658,-79.34653002,,46.61570259,124.9103964
2,,,43.81867658,-79.34653002,,39.97692858,116.3106957
2,,,43.81867658,-79.34653002,,39.96310307,116.472771
2,,,43.81867658,-79.34653002,,28.90276124,118.9119459
2,,,43.81867658,-79.34653002,,39.0835471,117.171305
2,,,43.81867658,-79.34653002,,39.0835471,117.171305
2,,,43.81867658,-79.34653002,,30.68990872,104.0717297
2,,,43.81867658,-79.34653002,,29.5569583,103.7737983
2,,,43.81867658,-79.34653002,,32.41387766,119.4040919
2,,,43.81867658,-79.34653002,,34.72829939,116.9556209
2,,,43.81867658,-79.34653002,,34.72829939,116.9556209
2,,,43.81867658,-79.34653002,,34.72829939,116.9556209
2,,,43.81867658,-79.34653002,,34.72829939,116.9556209
2,,,43.81867658,-79.34653002,,34.25510942,108.9383936
2,,,43.81867658,-79.34653002,,30.67648852,104.10746
2,,,43.81867658,-79.34653002,,39.08542745,117.2516681
2,,,43.81867658,-79.34653002,,23.14014303,113.572035
2,,,43.81867658,-79.34653002,,29.5569583,103.7737983
2,,,43.81867658,-79.34653002,,34.27494904,109.006939
2,,,43.81867658,-79.34653002,,34.27494904,109.006939
2,,,43.81867658,-79.34653002,,32.03309481,118.7938574
2,,,43.81867658,-79.34653002,,38.00153382,114.4586242
2,,,43.81867658,-79.34653002,,32.11991084,118.8465478
2,,,43.81867658,-79.34653002,,37.19872379,119.9662384
2,,,43.81867658,-79.34653002,,39.97692858,116.3106957
2,,,43.81867658,-79.34653002,,39.97692858,116.3106957
2,,,43.81867658,-79.34653002,,39.97692858,116.3106957
2,,,43.81867658,-79.34653002,,25.10773107,102.7786228
2,,,43.81867658,-79.34653002,,31.8090342,119.9143151
2,,,43.81867658,-79.34653002,,31.8090342,119.9143151
2,,,43.81867658,-79.34653002,,27.92777337,120.6600786
2,,,43.81867658,-79.34653002,,27.92777337,120.6600786
2,,,43.81867658,-79.34653002,,22.23434062,112.8155382
2,,,43.81867658,-79.34653002,,22.23434062,112.8155382
2,,,43.81867658,-79.34653002,,22.23434062,112.8155382
2,,,43.81867658,-79.34653002,,22.23434062,112.8155382
2,,,43.81867658,-79.34653002,,22.23434062,112.8155382
2,,,43.81867658,-79.34653002,,26.57459193,106.6940405
2,,,43.81867658,-79.34653002,,26.57459193,106.6940405
2,,,43.81867658,-79.34653002,,22.59327507,114.1487376
2,,,43.81867658,-79.34653002,,22.59327507,114.1487376
2,,,43.81867658,-79.34653002,,22.59327507,114.1487376
2,,,43.81867658,-79.34653002,,29.35191701,113.131662
2,,,43.81867658,-79.34653002,,29.35191701,113.131662
2,,,43.81867658,-79.34653002,,37.57290665,121.257428
2,,,43.81867658,-79.34653002,,29.35191701,113.131662
2,,,43.81867658,-79.34653002,,29.35191701,113.131662
2,,,43.81867658,-79.34653002,,29.35191701,113.131662
2,,,43.81867658,-79.34653002,,22.23434062,112.8155382
2,,,43.81867658,-79.34653002,,22.23434062,112.8155382
2,,,43.81867658,-79.34653002,,22.23434062,112.8155382
2,,,43.81867658,-79.34653002,,22.23434062,112.8155382
2,,,43.81867658,-79.34653002,,22.23434062,112.8155382
2,,,43.81867658,-79.34653002,,22.23434062,112.8155382
2,,,43.81867658,-79.34653002,,22.23434062,112.8155382
2,,,43.81867658,-79.34653002,,22.23434062,112.8155382
2,,,43.81867658,-79.34653002,,22.23434062,112.8155382
2,,,43.81867658,-79.34653002,,22.23434062,112.8155382
2,,,43.81867658,-79.34653002,,22.23434062,112.8155382
2,,,43.81867658,-79.34653002,,22.23434062,112.8155382
2,,,43.81867658,-79.34653002,,22.23434062,112.8155382
2,,,43.81867658,-79.34653002,,22.23434062,112.8155382
2,,,43.81867658,-79.34653002,,22.23434062,112.8155382
2,,,43.81867658,-79.34653002,,22.23434062,112.8155382
2,,,43.81867658,-79.34653002,,22.23434062,112.8155382
2,,,43.81867658,-79.34653002,,22.23434062,112.8155382
2,,,43.81867658,-79.34653002,,26.57459193,106.6940405
2,,,43.81867658,-79.34653002,,39.93669874,116.51106
2,,,43.81867658,-79.34653002,,39.93669874,116.51106
2,,,43.81867658,-79.34653002,,39.93669874,116.51106
2,,,43.81867658,-79.34653002,,39.93669874,116.51106
2,,,43.81867658,-79.34653002,,39.93669874,116.51106
2,,,43.81867658,-79.34653002,,39.93669874,116.51106
2,,,43.81867658,-79.34653002,,32.02207875,118.8006998
2,,,43.81867658,-79.34653002,,40.14233006,116.146867
2,,,43.81867658,-79.34653002,,41.7985419,123.4717049
2,,,43.81867658,-79.34653002,,41.7985419,123.4717049
2,,,43.81867658,-79.34653002,,41.7985419,123.4717049
2,,,43.81867658,-79.34653002,,41.7985419,123.4717049
2,,,43.81867658,-79.34653002,,41.7985419,123.4717049
2,,,43.81867658,-79.34653002,,41.7985419,123.4717049
2,,,43.81867658,-79.34653002,,41.7985419,123.4717049
2,,,43.81867658,-79.34653002,,41.7985419,123.4717049
2,,,43.81867658,-79.34653002,,38.48075785,106.2608409
2,,,43.81867658,-79.34653002,,38.48075785,106.2608409
2,,,43.81867658,-79.34653002,,43.88835721,125.2676488
2,,,43.81867658,-79.34653002,,43.88835721,125.2676488
2,,,43.81867658,-79.34653002,,43.88835721,125.2676488
2,,,43.81867658,-79.34653002,,23.013931,113.36601
2,,,43.81867658,-79.34653002,,23.013931,113.36601
2,,,43.81867658,-79.34653002,,23.013931,113.36601
2,,,43.81867658,-79.34653002,,23.013931,113.36601
2,,,43.81867658,-79.34653002,,38.93978678,121.5648309
2,,,43.81867658,-79.34653002,,40.00894517,116.3454002
2,,,43.81867658,-79.34653002,,30.67947945,103.9067252
2,,,43.81867658,-79.34653002,,30.67947945,103.9067252
2,,,43.81867658,-79.34653002,,40.00894517,116.3454002
2,,,43.81867658,-79.34653002,,31.64581807,119.0458019
2,,,43.81867658,-79.34653002,,30.0924974,120.5029591
2,,,43.81867658,-79.34653002,,30.0924974,120.5029591
2,,,43.81867658,-79.34653002,,32.31418478,118.316001
2,,,43.81867658,-79.34653002,,23.18489007,113.4935741
2,,,43.81867658,-79.34653002,,34.15613209,108.9827132
,,,43.81867658,-79.34653002,,121.4356337,2
2,,,43.81867658,-79.34653002,,23.18489007,113.4935741
2,,,43.81867658,-79.34653002,,23.18489007,113.4935741
2,,,43.81867658,-79.34653002,,23.18489007,113.4935741
2,,,43.81867658,-79.34653002,,23.18489007,113.4935741
2,,,43.81867658,-79.34653002,,23.18489007,113.4935741
2,,,43.81867658,-79.34653002,,23.18489007,113.4935741
2,,,43.81867658,-79.34653002,,23.18489007,113.4935741
2,,,43.81867658,-79.34653002,,23.18489007,113.4935741
2,,,43.81867658,-79.34653002,,23.18489007,113.4935741
2,,,43.81867658,-79.34653002,,23.18489007,113.4935741
2,,,43.81867658,-79.34653002,,23.18489007,113.4935741
2,,,43.81867658,-79.34653002,,23.18489007,113.4935741
2,,,43.81867658,-79.34653002,,41.8130116,123.5236966
2,,,43.81867658,-79.34653002,,31.58062495,119.1292329
2,,,43.81867658,-79.34653002,,41.8130116,123.5236966
2,,,43.81867658,-79.34653002,,31.58062495,119.1292329
2,,,43.81867658,-79.34653002,,39.90625909,116.228122
2,,,43.81867658,-79.34653002,,31.09440155,121.3842847
2,,,43.81867658,-79.34653002,,34.25510942,108.9383936
2,,,43.81867658,-79.34653002,,22.92331249,113.3681959
2,,,43.81867658,-79.34653002,,39.92659951,116.5379821
2,,,43.81867658,-79.34653002,,39.92659951,116.5379821
2,,,43.81867658,-79.34653002,,39.91124582,116.4663903
2,,,43.81867658,-79.34653002,,39.91124582,116.4663903
2,,,43.81867658,-79.34653002,,38.87847293,121.6602356
2,,,43.81867658,-79.34653002,,38.87847293,121.6602356
2,,,43.81867658,-79.34653002,,38.87847293,121.6602356
2,,,43.81867658,-79.34653002,,31.18970226,121.5368843
2,,,43.81867658,-79.34653002,,30.66164898,104.0181414
2,,,43.81867658,-79.34653002,,30.66164898,104.0181414
2,,,43.81867658,-79.34653002,,30.66164898,104.0181414
2,,,43.81867658,-79.34653002,,30.66164898,104.0181414
2,,,43.81867658,-79.34653002,,30.66164898,104.0181414
2,,,43.81867658,-79.34653002,,30.66164898,104.0181414
2,,,43.81867658,-79.34653002,,30.66164898,104.0181414
2,,,43.81867658,-79.34653002,,30.66164898,104.0181414
2,,,43.81867658,-79.34653002,,30.66164898,104.0181414
2,,,43.81867658,-79.34653002,,30.66164898,104.0181414
2,,,43.81867658,-79.34653002,,30.66164898,104.0181414
2,,,43.81867658,-79.34653002,,30.66164898,104.0181414
2,,,43.81867658,-79.34653002,,30.66164898,104.0181414
2,,,43.81867658,-79.34653002,,30.66164898,104.0181414
2,,,43.81867658,-79.34653002,,30.66164898,104.0181414
2,,,43.81867658,-79.34653002,,30.66164898,104.0181414
2,,,43.81867658,-79.34653002,,30.66164898,104.0181414
2,,,43.81867658,-79.34653002,,30.66164898,104.0181414
2,,,43.81867658,-79.34653002,,30.66164898,104.0181414
2,,,43.81867658,-79.34653002,,30.66164898,104.0181414
2,,,43.81867658,-79.34653002,,30.66164898,104.0181414
2,,,43.81867658,-79.34653002,,30.66164898,104.0181414
2,,,43.81867658,-79.34653002,,30.66164898,104.0181414
2,,,43.81867658,-79.34653002,,30.66164898,104.0181414
2,,,43.81867658,-79.34653002,,30.66164898,104.0181414
2,,,43.81867658,-79.34653002,,30.66164898,104.0181414
2,,,43.81867658,-79.34653002,,30.66164898,104.0181414
2,,,43.81867658,-79.34653002,,30.66164898,104.0181414
2,,,43.81867658,-79.34653002,,30.66164898,104.0181414
2,,,43.81867658,-79.34653002,,22.55370703,114.1500382
2,,,43.81867658,-79.34653002,,22.55370703,114.1500382
2,,,43.81867658,-79.34653002,,39.0090164,116.1261811
2,,,43.81867658,-79.34653002,,31.42393438,120.4584176
2,,,43.81867658,-79.34653002,,31.42393438,120.4584176
2,,,43.81867658,-79.34653002,,31.42393438,120.4584176
2,,,43.81867658,-79.34653002,,31.42393438,120.4584176
2,,,43.81867658,-79.34653002,,31.42393438,120.4584176
2,,,43.81867658,-79.34653002,,31.42393438,120.4584176
2,,,43.81867658,-79.34653002,,31.42393438,120.4584176
2,,,43.81867658,-79.34653002,,31.42393438,120.4584176
2,,,43.81867658,-79.34653002,,31.42393438,120.4584176
2,,,43.81867658,-79.34653002,,31.42393438,120.4584176
2,,,43.81867658,-79.34653002,,31.42393438,120.4584176
2,,,43.81867658,-79.34653002,,31.42393438,120.4584176
2,,,43.81867658,-79.34653002,,31.42393438,120.4584176
2,,,43.81867658,-79.34653002,,31.42393438,120.4584176
2,,,43.81867658,-79.34653002,,31.42393438,120.4584176
2,,,43.81867658,-79.34653002,,31.42393438,120.4584176
2,,,43.81867658,-79.34653002,,31.42393438,120.4584176
2,,,43.81867658,-79.34653002,,31.42393438,120.4584176
2,,,43.81867658,-79.34653002,,31.42393438,120.4584176
2,,,43.81867658,-79.34653002,,37.6658269,114.3900763
2,,,43.81867658,-79.34653002,,37.6658269,114.3900763
2,,,43.81867658,-79.34653002,,37.473901,121.4362
2,,,43.81867658,-79.34653002,,37.473901,121.4362
2,,,43.81867658,-79.34653002,,37.473901,121.4362
2,,,43.81867658,-79.34653002,,31.64581807,119.0458019
2,,,43.81867658,-79.34653002,,31.24733838,121.5653887
2,,,43.81867658,-79.34653002,,31.24733838,121.5653887
2,,,43.81867658,-79.34653002,,28.70616736,115.955958
2,,,43.81867658,-79.34653002,,39.92659951,116.5379821
2,,,43.81867658,-79.34653002,,39.92659951,116.5379821
2,,,43.81867658,-79.34653002,,39.0835471,117.171305
2,,,43.81867658,-79.34653002,,39.0835471,117.171305
2,,,43.81867658,-79.34653002,,39.87565774,116.6715628
